collected_at,provider,tier,gpu_model,price_usd_per_hr,num_gpus,gpu_ram_gb,dlperf,dlperf_per_dollar,cpu_ram_gb,disk_space_gb,region,reliability,offer_id
2026-09-10T10:53:29.721186+00:00,vast.ai,marketplace,Quadro P4000,0.04092592592592593,1,8.0,2.0836915595552954,50.91373041447328,15.6,332.0,"Missouri, US",0.9917037,45958965
2026-09-10T10:53:29.721186+00:00,vast.ai,marketplace,GTX 1650,0.0457962962962963,1,4.0,1.2522539465998532,27.344000451432297,11.75,86.31875,"Oregon, US",0.989193,50115693
2026-09-10T10:53:29.721186+00:00,vast.ai,marketplace,GTX 1660 S,0.04712962962962963,1,6.0,1.724191995348428,36.584034478905735,15.56,208.0,"Oregon, US",0.9738146,50295747
2026-09-10T10:53:29.721186+00:00,vast.ai,marketplace,GTX 1080,0.04805555555555556,1,8.0,3.3004952749842795,68.68082653146477,10.46,249.64269086129895,"South Korea, KR",0.9805253,50018370
2026-09-10T10:53:29.721186+00:00,vast.ai,marketplace,GTX 1070,0.04805555555555556,1,8.0,2.4978679556144425,51.97875514573406,7.78,170.5,"South Korea, KR",0.9962572,50037971
2026-09-10T10:53:29.721186+00:00,vast.ai,marketplace,GTX 1070,0.04805555555555556,1,8.0,2.6128927489656055,54.37233466055595,8.96,178.85714285714286,"South Korea, KR",0.9921205,48484312
2026-09-10T10:53:29.721186+00:00,vast.ai,marketplace,GTX 1070,0.04805555555555556,1,8.0,2.5135531547077825,52.305152352300674,7.83,116.33333333333333,"South Korea, KR",0.9949463,47635961
2026-09-10T10:53:29.721186+00:00,vast.ai,marketplace,RTX 3060,0.04805555555555556,1,12.0,12.263906601927419,255.20268073374973,15.54,122.0,"South Korea, KR",0.9980745,48521532
2026-09-10T10:53:29.721186+00:00,vast.ai,marketplace,GTX 1660,0.04805555555555556,1,6.0,2.316471688407048,48.20403513448193,15.62,167.0,"South Korea, KR",0.9989756,45539127
2026-09-10T10:53:29.721186+00:00,vast.ai,marketplace,GTX 1080,0.049388888888888885,1,8.0,3.3006415126457416,66.82963692646047,10.46,263.63317737416315,"South Korea, KR",0.9938669,43057223
2026-09-10T10:53:29.721186+00:00,vast.ai,marketplace,GTX 1080,0.049388888888888885,1,8.0,3.330490607485923,67.43400555089609,15.54,152.0,"South Korea, KR",0.998581,43071595
2026-09-10T10:53:29.721186+00:00,vast.ai,marketplace,GTX 1080,0.049388888888888885,1,8.0,3.351404206277043,67.85745299548569,15.52,163.8,"South Korea, KR",0.9962219,45045921
2026-09-10T10:53:29.721186+00:00,vast.ai,marketplace,GTX 1070 Ti,0.049388888888888885,1,8.0,3.1639660771116267,64.06230527335127,10.46,187.83333333333331,"South Korea, KR",0.9974019,43057534
2026-09-10T10:53:29.721186+00:00,vast.ai,marketplace,GTX 1080,0.050722222222222224,1,8.0,3.351404206277043,66.07368643262517,15.52,97.30000000000001,"South Korea, KR",0.9896594,43070750
2026-09-10T10:53:29.721186+00:00,vast.ai,marketplace,GTX 1080,0.050722222222222224,1,8.0,3.43994276968268,67.8192440901295,10.46,260.3333333333333,"South Korea, KR",0.9960248,43057687
2026-09-10T10:53:29.721186+00:00,vast.ai,marketplace,GTX 1080,0.050722222222222224,1,8.0,3.330490607485923,65.66137013663375,31.37,61.71355907516039,"South Korea, KR",0.9935423,47674508
2026-09-10T10:53:29.721186+00:00,vast.ai,marketplace,RTX A2000,0.05159259259259259,1,11.99,10.9484689951207,212.21009538281328,15.63,340.5,"Poland, PL",0.998417,45604045
2026-09-10T10:53:29.721186+00:00,vast.ai,marketplace,RTX 2060,0.05274074074074074,1,6.0,3.136735344123976,59.47461677763157,23.56,339.575,"British Columbia, CA",0.9829741,48044217
2026-09-10T10:53:29.721186+00:00,vast.ai,marketplace,Quadro P4000,0.054259259259259264,1,8.0,2.0836915595552954,38.402506558356976,62.89,657.0,"Minnesota, US",0.9910974,46158496
2026-09-10T10:53:29.721186+00:00,vast.ai,marketplace,RTX 3060,0.054259259259259264,1,12.0,12.5490016615689,231.27852891628686,25.15,241.32263922223294,"British Columbia, CA",0.9923007,19958703
2026-09-10T10:53:29.721186+00:00,vast.ai,marketplace,Quadro P4000,0.05472222222222223,1,8.0,2.0836915595552954,38.077612255832804,15.46,158.0,"Romania, RO",0.9921237,43521342
2026-09-10T10:53:29.721186+00:00,vast.ai,marketplace,GTX 1080 Ti,0.05472222222222223,1,11.0,5.212453494822205,95.25295726578649,7.73,174.0,"South Korea, KR",0.9920855,50029567
2026-09-10T10:53:29.721186+00:00,vast.ai,marketplace,GTX 1080 Ti,0.05472222222222223,1,11.0,5.384292621025136,98.39316464817506,31.29,70.0,"South Korea, KR",0.9984558,37709426
2026-09-10T10:53:29.721186+00:00,vast.ai,marketplace,GTX 1080 Ti,0.05472222222222223,1,11.0,5.452482750470743,99.63927868880545,15.57,143.0,"Spain, ES",0.9598897,50047470
2026-09-10T10:53:29.721186+00:00,vast.ai,marketplace,Titan Xp,0.05472222222222223,1,12.0,5.757466410549852,105.21258415218003,8.96,106.28571428571428,"South Korea, KR",0.9961486,48455480
2026-09-10T10:53:29.721186+00:00,vast.ai,marketplace,Titan Xp,0.05472222222222223,1,12.0,5.757466410549852,105.21258415218003,18.85,27.24,"Quebec, CA",0.9981106,49328820
2026-09-10T10:53:29.721186+00:00,vast.ai,marketplace,Titan Xp,0.05472222222222223,1,12.0,5.757466410549852,105.21258415218003,10.45,248.83333333333331,"South Korea, KR",0.9976689,48453495
2026-09-10T10:53:29.721186+00:00,vast.ai,marketplace,GTX TITAN X,0.05472222222222223,1,12.0,3.355057349444435,61.31069268020287,15.51,110.0,"South Korea, KR",0.9918577,47194499
2026-09-10T10:53:29.721186+00:00,vast.ai,marketplace,GTX TITAN X,0.05472222222222223,1,12.0,3.355057349444435,61.31069268020287,7.61,126.0,"South Korea, KR",0.9123372,49183619
2026-09-10T10:53:29.721186+00:00,vast.ai,marketplace,GTX TITAN X,0.05472222222222223,1,12.0,3.355057349444435,61.31069268020287,15.5,119.0,"South Korea, KR",0.9877526,48612705
2026-09-10T10:53:29.721186+00:00,vast.ai,marketplace,GTX 1660 S,0.05472222222222223,1,6.0,1.7121347086676697,31.28774086905386,31.3,535.6,"Connecticut, US",0.9822514,49261694
2026-09-10T10:53:29.721186+00:00,vast.ai,marketplace,RTX 3060,0.05472222222222223,1,12.0,12.269886002444398,224.22126704974534,18.83,98.60000000000001,"Quebec, CA",0.9983523,44437552
2026-09-10T10:53:29.721186+00:00,vast.ai,marketplace,RTX 3060,0.05472222222222223,1,12.0,11.24625668853526,205.5153506534362,22.03,113.53,"Quebec, CA",0.9963105,47826999
2026-09-10T10:53:29.721186+00:00,vast.ai,marketplace,RTX 3060,0.05472222222222223,1,12.0,12.407072230538473,226.7282235022259,10.46,216.0,"South Korea, KR",0.9961201,38722759
2026-09-10T10:53:29.721186+00:00,vast.ai,marketplace,RTX 3060,0.05472222222222223,1,12.0,3.7843137680187233,69.15497241049442,15.72,162.3809644588168,"California, US",0.9848855,34596392
2026-09-10T10:53:29.721186+00:00,vast.ai,marketplace,RTX 2070,0.05472222222222223,1,8.0,4.104189194763423,75.00041168095595,7.77,177.5,"South Korea, KR",0.995614,49868123
2026-09-10T10:53:29.721186+00:00,vast.ai,marketplace,Quadro P4000,0.055648148148148155,1,8.0,2.0836915595552954,37.44404133643459,23.56,274.825,"United States, US",0.9879042,50141339
2026-09-10T10:53:29.721186+00:00,vast.ai,marketplace,Quadro P4000,0.05611111111111111,1,8.0,2.0836915595552954,37.13509710098546,31.44,243.0,"Nevada, US",0.9954265,48453748
2026-09-10T10:53:29.721186+00:00,vast.ai,marketplace,GTX 1660 S,0.05738888888888889,1,6.0,1.700077421986912,29.623807933944253,15.61,125.5,"Vietnam, VN",0.9920508,18613673
2026-09-10T10:53:29.721186+00:00,vast.ai,marketplace,RTX 3060,0.05831481481481482,1,12.0,12.609289299983224,216.22788891682885,31.42,32.5,"Wisconsin, US",0.9993558,45640327
2026-09-10T10:53:29.721186+00:00,vast.ai,marketplace,RTX 2060,0.060277777777777784,1,12.0,4.02611401137736,66.7926748431267,8.96,128.41428571428577,"South Korea, KR",0.9961063,35050681
2026-09-10T10:53:29.721186+00:00,vast.ai,marketplace,RTX 3060,0.06092592592592593,1,12.0,12.38698117142631,203.31215296565978,15.61,333.0,"Poland, PL",0.9984105,45598127
2026-09-10T10:53:29.721186+00:00,vast.ai,marketplace,RTX 3060,0.06092592592592593,1,12.0,12.113722871786235,198.8270623332695,15.63,392.5,"Poland, PL",0.9990329,45601306
2026-09-10T10:53:29.721186+00:00,vast.ai,marketplace,RTX 3060,0.06092592592592593,1,12.0,12.44342253995955,204.2385462485762,15.64,368.5,"Poland, PL",0.9983006,45598452
2026-09-10T10:53:29.721186+00:00,vast.ai,marketplace,GTX 1080 Ti,0.061388888888888896,1,11.0,5.212453494822205,84.90874471203591,15.62,159.05,"South Korea, KR",0.9978202,50023066
2026-09-10T10:53:29.721186+00:00,vast.ai,marketplace,GTX 1080 Ti,0.061388888888888896,1,11.0,5.212453494822205,84.90874471203591,15.52,132.0,"South Korea, KR",0.9452191,50029682
2026-09-10T10:53:29.721186+00:00,vast.ai,marketplace,GTX 1080 Ti,0.061388888888888896,1,11.0,5.212453494822205,84.90874471203591,15.67,402.34130077982815,"South Korea, KR",0.9902285,47444985
2026-09-10T10:53:29.721186+00:00,vast.ai,marketplace,Titan Xp,0.061388888888888896,1,12.0,5.739905360766835,93.50072080887152,10.46,242.38955934012398,"South Korea, KR",0.9965606,48474941
2026-09-10T10:53:29.721186+00:00,vast.ai,marketplace,RTX 2060,0.061388888888888896,1,12.0,3.941650081068745,64.20787462374426,10.46,255.06666666666666,"South Korea, KR",0.9952047,49698947
2026-09-10T10:53:29.721186+00:00,vast.ai,marketplace,RTX 2070S,0.061388888888888896,1,8.0,4.701597091193644,76.58710193799601,15.52,167.3,"South Korea, KR",0.9791272,50038031
2026-09-10T10:53:29.721186+00:00,vast.ai,marketplace,RTX 2070,0.061388888888888896,1,8.0,4.104189194763423,66.85557059343132,7.82,399.35,"South Korea, KR",0.9510977,50464135
2026-09-10T10:53:29.721186+00:00,vast.ai,marketplace,RTX 4060,0.06277777777777778,1,8.0,15.653315498872239,249.34484865460203,15.72,138.125,"Nevada, US",0.9700385,50360797
2026-09-10T10:53:29.721186+00:00,vast.ai,marketplace,RTX 3060,0.06277777777777778,1,12.0,12.541780509961603,199.7805744949636,62.9,326.95,"Wisconsin, US",0.9987701,45640246
2026-09-10T10:53:29.721186+00:00,vast.ai,marketplace,GTX 1080 Ti,0.06405555555555556,1,11.0,5.34883375371342,83.50304212215225,15.64,365.5,"South Korea, KR",0.9963845,40404574
2026-09-10T10:53:29.721186+00:00,vast.ai,marketplace,GTX 1080 Ti,0.06538888888888889,1,11.0,5.212453494822205,79.71466687068794,8.96,221.0,"South Korea, KR",0.9882321,47868288
2026-09-10T10:53:29.721186+00:00,vast.ai,marketplace,RTX 2060S,0.06538888888888889,1,8.0,3.98692664634161,60.97254004600593,15.59,110.5,"Vietnam, VN",0.9614273,30053150
2026-09-10T10:53:29.721186+00:00,vast.ai,marketplace,RTX 3060 laptop,0.06718518518518521,1,12.0,12.782884360734636,190.2634386658407,31.35,357.3,"New Zealand, NZ",0.9811159,50401282
2026-09-10T10:53:29.721186+00:00,vast.ai,marketplace,GTX 1660 S,0.06731481481481481,1,6.0,1.7121347086676697,25.434738450633883,62.85,447.5,"Quebec, CA",0.9952228,50112057
2026-09-10T10:53:29.721186+00:00,vast.ai,marketplace,GTX 1660 Ti,0.0675462962962963,1,6.0,2.4740447784639805,36.62739356738998,125.96,531.8235490678759,"Quebec, CA",0.9960616,48161398
2026-09-10T10:53:29.721186+00:00,vast.ai,marketplace,RTX 3060,0.06805555555555555,1,12.0,12.412412882753602,182.38647501188967,15.56,87.30000000000001,"South Korea, KR",0.9945356,50452493
2026-09-10T10:53:29.721186+00:00,vast.ai,marketplace,Q RTX 4000,0.06805555555555555,1,8.0,4.104189194763423,60.30645347407479,31.26,279.0,"Argentina, AR",0.9855042,37282264
2026-09-10T10:53:29.721186+00:00,vast.ai,marketplace,RTX 4060 Ti,0.06805555555555555,1,16.0,22.50490209483634,330.6842756792279,31.31,662.1000000000001,"Vietnam, VN",0.9917133,45241067
2026-09-10T10:53:29.721186+00:00,vast.ai,marketplace,RTX A4000,0.06892592592592592,1,15.99,19.307160952030806,280.1146403572444,41.93,80.66666666666666,"Japan, JP",0.9746665,50135980
2026-09-10T10:53:29.721186+00:00,vast.ai,marketplace,RTX A2000,0.06898148148148148,1,5.99,8.576597161264104,124.33187831094273,62.89,720.25,"Norway, NO",0.998695,29318075
2026-09-10T10:53:29.721186+00:00,vast.ai,marketplace,RTX A2000,0.06898148148148148,1,5.99,8.575741297328419,124.31947115590192,125.78,1512.0,"Norway, NO",0.9982182,29431161
2026-09-10T10:53:29.721186+00:00,vast.ai,marketplace,GTX 1660,0.06898148148148148,1,6.0,2.316471688407048,33.58106608697466,62.93,313.2,"United Kingdom, GB",0.9975214,43339009
2026-09-10T10:53:29.721186+00:00,vast.ai,marketplace,RTX 5060,0.06898148148148148,1,7.96,28.374089232383035,411.32907880501585,20.96,204.16666666666666,"United States, US",0.9935731,50138869
2026-09-10T10:53:29.721186+00:00,vast.ai,marketplace,GTX 1660 Ti,0.06944444444444445,1,6.0,2.4740447784639805,35.62624480988132,31.35,340.0,"United Kingdom, GB",0.9971159,50291701
2026-09-10T10:53:29.721186+00:00,vast.ai,marketplace,RTX 2080 Ti,0.06944444444444445,1,22.0,11.045877624506199,159.06063779288925,31.47,142.125,"United States, US",0.7843171,43529654
2026-09-10T10:53:29.721186+00:00,vast.ai,marketplace,RTX 3060 laptop,0.06985185185185185,1,12.0,12.78187728671498,182.98551789040536,15.59,399.65,"New Zealand, NZ",0.9968213,50474130
2026-09-10T10:53:29.721186+00:00,vast.ai,marketplace,RTX 2080 Ti,0.07205555555555555,1,11.0,9.037837928565429,125.42874534632053,25.15,229.20000000000002,"Quebec, CA",0.9979212,47984762
2026-09-10T10:53:29.721186+00:00,vast.ai,marketplace,RTX 3060,0.07233333333333333,1,12.0,12.664230356924623,175.081525671769,15.62,285.5,"Poland, PL",0.895164,50202242
2026-09-10T10:53:29.721186+00:00,vast.ai,marketplace,RTX 4060 Ti,0.07268518518518519,1,16.0,22.535055162917324,310.03642771911734,31.47,171.2875,", US",0.993106,42171803
2026-09-10T10:53:29.721186+00:00,vast.ai,marketplace,RTX 3070,0.0731111111111111,1,8.0,16.276000767242017,222.62007128446533,15.63,738.0,"Missouri, US",0.996539,46541035
2026-09-10T10:53:29.721186+00:00,vast.ai,marketplace,RTX 3060,0.07432407407407407,1,12.0,12.392484891073154,166.73581266175418,19.5,510.0,"Spain, ES",0.9831539,48105707
2026-09-10T10:53:29.721186+00:00,vast.ai,marketplace,Q RTX 4000,0.07472222222222222,1,8.0,4.104189194763423,54.92595204887853,7.67,104.5,"Spain, ES",0.9795861,48583412
2026-09-10T10:53:29.721186+00:00,vast.ai,marketplace,GTX 1660 Ti,0.07472222222222222,1,6.0,2.52706002371678,33.81939065197178,15.49,748.0,"Florida, US",0.9945104,50159069
2026-09-10T10:53:29.721186+00:00,vast.ai,marketplace,RTX 3060,0.07518518518518519,1,12.0,12.543824727045381,166.83904809370702,62.88,1198.0,"Utah, US",0.997975,49992708
2026-09-10T10:53:29.721186+00:00,vast.ai,marketplace,RTX A4000,0.07894444444444444,1,15.99,21.70487737185943,274.9386296224277,31.42,351.3838180062879,"Germany, DE",0.9885698,46831158
2026-09-10T10:53:29.721186+00:00,vast.ai,marketplace,RTX 3060,0.07977777777777778,1,12.0,12.26689919347755,153.76336036392473,27.51,1038.25,"Texas, US",0.9974291,50069456
2026-09-10T10:53:29.721186+00:00,vast.ai,marketplace,RTX 5060 Ti,0.08038888888888888,1,15.93,38.3691436852251,477.2941163331388,31.28,292.5,"Vietnam, VN",0.9904869,49516522
2026-09-10T10:53:29.721186+00:00,vast.ai,marketplace,RTX 3060,0.08138888888888889,1,8.0,9.735439379400363,119.61632001993621,15.52,88.0,"South Korea, KR",0.9878661,49061484
2026-09-10T10:53:29.721186+00:00,vast.ai,marketplace,RTX 3060,0.08138888888888889,1,12.0,12.622009315137383,155.08270830885522,15.63,1629.9,"Texas, US",0.9989019,41246762
2026-09-10T10:53:29.721186+00:00,vast.ai,marketplace,RTX 2080 Ti,0.08138888888888889,1,11.0,8.914031929543983,109.52394179644484,15.63,684.5,"Florida, US",0.9942543,39588999
2026-09-10T10:53:29.721186+00:00,vast.ai,marketplace,RTX 3060,0.08157407407407408,1,12.0,12.472195199263032,152.89410686951277,31.47,359.0,"Texas, US",0.9959044,41247427
2026-09-10T10:53:29.721186+00:00,vast.ai,marketplace,RTX 4060 Ti,0.08231481481481481,1,16.0,22.492832436120686,273.2537573791939,23.54,308.57500000000005,"United States, US",0.9906414,47543119
2026-09-10T10:53:29.721186+00:00,vast.ai,marketplace,RTX 5060 Ti,0.08277777777777778,1,15.93,38.382805803843624,463.6849023283122,15.17,818.15,"Finland, FI",0.9692702,49948507
2026-09-10T10:53:29.721186+00:00,vast.ai,marketplace,RTX 5060 Ti,0.08413888888888889,1,7.96,29.92439516797283,355.65474613635587,15.41,104.39999999999998,"Virginia, US",0.9834462,44355658
2026-09-10T10:53:29.721186+00:00,vast.ai,marketplace,RTX 2080 Ti,0.08672222222222221,1,22.0,11.045877624506199,127.37078618905291,17.97,160.5,"Thailand, TH",0.9492398,50286295
2026-09-10T10:53:29.721186+00:00,vast.ai,marketplace,RTX 4060 Ti,0.08680555555555555,1,16.0,22.522997544622854,259.4649317140553,23.57,305.3768120679837,"Hong Kong, HK",0.9786379,49517345
2026-09-10T10:53:29.721186+00:00,vast.ai,marketplace,RTX A4000,0.0875925925925926,1,15.99,16.904277138929963,192.9875191336613,23.48,270.5,"The Netherlands, NL",0.9984369,36172984
2026-09-10T10:53:29.721186+00:00,vast.ai,marketplace,RTX A4000,0.0875925925925926,1,15.99,20.440538181670345,233.3592096850314,23.49,278.0,"Poland, PL",0.9991316,45599979
2026-09-10T10:53:29.721186+00:00,vast.ai,marketplace,RTX A4000,0.0875925925925926,1,15.99,20.727536802659074,236.6357267111184,23.48,389.5,"Poland, PL",0.9994248,45603637
2026-09-10T10:53:29.721186+00:00,vast.ai,marketplace,RTX A4000,0.0875925925925926,1,15.99,20.435134366387786,233.29751707926857,15.64,301.5,"Poland, PL",0.9995356,47628560
2026-09-10T10:53:29.721186+00:00,vast.ai,marketplace,RTX A4000,0.0875925925925926,1,15.99,20.438513856242103,233.3360989930388,23.49,141.5,"Poland, PL",0.998148,49383451
2026-09-10T10:53:29.721186+00:00,vast.ai,marketplace,Titan V,0.08805555555555555,1,12.0,21.929328568462733,249.03969352197427,15.59,375.0,"South Korea, KR",0.9971082,43056228
2026-09-10T10:53:29.721186+00:00,vast.ai,marketplace,RTX 5060 Ti,0.08805555555555555,1,15.93,38.38963549353913,435.97062390139075,31.45,351.75,"Switzerland, CH",0.9821548,49157198
2026-09-10T10:53:29.721186+00:00,vast.ai,marketplace,RTX 5060 Ti,0.08805555555555555,1,15.93,38.430594481871786,436.43577329570485,47.2,295.0,"Switzerland, CH",0.9916375,49006547
2026-09-10T10:53:29.721186+00:00,vast.ai,marketplace,RTX 3060 laptop,0.08851851851851852,1,12.0,12.780869711099143,144.3863942258062,15.63,298.5,"New Zealand, NZ",0.9968854,47920591
2026-09-10T10:53:29.721186+00:00,vast.ai,marketplace,RTX 5060 Ti,0.08898148148148148,1,15.93,38.91542132056155,437.34292431016104,62.88,259.07500000000005,"Florida, US",0.9970897,50388943
2026-09-10T10:53:29.721186+00:00,vast.ai,marketplace,RTX A4500,0.08938888888888889,1,19.99,28.33629222204915,317.00016158911416,23.44,321.5,"Czechia, CZ",0.9698323,50217605
2026-09-10T10:53:29.721186+00:00,vast.ai,marketplace,RTX 5060 Ti,0.08938888888888889,1,15.93,38.38963549353913,429.46764380590696,15.67,362.4543185262248,"Sweden, SE",0.9823189,37134681
2026-09-10T10:53:29.721186+00:00,vast.ai,marketplace,RTX 5060 Ti,0.09140740740740741,1,15.93,38.810977726100454,424.5933543779223,15.7,307.82368157509995,"British Columbia, CA",0.9941507,46481724
2026-09-10T10:53:29.721186+00:00,vast.ai,marketplace,RTX A4000,0.09164814814814815,1,15.99,21.191598078871984,231.2277826346913,62.89,502.0,"Michigan, US",0.989835,50186808
2026-09-10T10:53:29.721186+00:00,vast.ai,marketplace,RTX 4060,0.09393518518518519,1,8.0,15.645243999875872,166.55360788433651,62.93,1569.461617734608,"Quebec, CA",0.9977584,50443267
2026-09-10T10:53:29.721186+00:00,vast.ai,marketplace,Tesla P40,0.09425925925925926,1,22.5,5.747730038070885,60.9778825257029,31.03,693.0,"Japan, JP",0.9955358,45209115
2026-09-10T10:53:29.721186+00:00,vast.ai,marketplace,RTX 3070 Ti,0.09453703703703704,1,8.0,18.267927750241466,193.2356706195963,19.61,2253.945621414297,"South Carolina, US",0.9543878,47975554
2026-09-10T10:53:29.721186+00:00,vast.ai,marketplace,RTX 3060,0.09462962962962963,1,12.0,12.249612301992684,129.44795779013796,15.63,1435.3000000000002,"New Jersey, US",0.996739,44021691
2026-09-10T10:53:29.721186+00:00,vast.ai,marketplace,RTX 4070,0.09472222222222222,1,11.99,33.657026942060945,355.3234515877402,23.56,197.2,"Fujian, CN",0.9979731,34049706
2026-09-10T10:53:29.721186+00:00,vast.ai,marketplace,RTX A4000,0.09472222222222222,1,15.99,21.188393779682055,223.68978770338828,31.24,1514.0,"Michigan, US",0.9974159,41839112
2026-09-10T10:53:29.721186+00:00,vast.ai,marketplace,RTX 3070,0.09472222222222222,1,8.0,16.2906238873442,171.98312608339918,31.22,753.0,"France, FR",0.9974418,20155807
2026-09-10T10:53:29.721186+00:00,vast.ai,marketplace,RTX 3070,0.09472222222222222,1,8.0,12.087330568819338,127.60818195821003,31.26,325.5,"Japan, JP",0.9927569,48014407
2026-09-10T10:53:29.721186+00:00,vast.ai,marketplace,RTX 3070,0.09472222222222222,1,8.0,16.07530154459029,169.70992832998544,31.27,1282.0,"Virginia, US",0.9872116,50449485
2026-09-10T10:53:29.721186+00:00,vast.ai,marketplace,RTX 4060 Ti,0.09472222222222222,1,16.0,22.60880199197326,238.6852996220051,18.34,164.83333333333331,"United States, US",0.9428857,50241027
2026-09-10T10:53:29.721186+00:00,vast.ai,marketplace,RTX 3070 Ti,0.09564814814814815,1,8.0,18.313692484189414,191.46938899249338,31.41,368.5,"Norway, NO",0.997009,36538844
2026-09-10T10:53:29.721186+00:00,vast.ai,marketplace,RTX 5060 Ti,0.09651851851851852,1,15.93,36.153506234049395,374.57585123535443,31.1,307.0,"Indiana, US",0.9842423,50471339
2026-09-10T10:53:29.721186+00:00,vast.ai,marketplace,RTX 5060 Ti,0.1007037037037037,1,15.93,38.375975201203396,381.0780913690665,31.47,314.75,"Denmark, DK",0.9966827,36999267
2026-09-10T10:53:29.721186+00:00,vast.ai,marketplace,RTX A4000,0.10138888888888888,1,15.99,21.191598078871984,209.01302214777849,35.33,396.225,"Estonia, EE",0.9242117,50482925
2026-09-10T10:53:29.721186+00:00,vast.ai,marketplace,RTX 3070,0.10138888888888888,1,8.0,16.61905058466479,163.91392357477605,31.36,708.0,"Florida, US",0.9992936,39588782
2026-09-10T10:53:29.721186+00:00,vast.ai,marketplace,RTX 5060,0.10277777777777777,1,7.96,28.222342133774553,274.59576130159024,62.88,784.25,"United Kingdom, GB",0.997321,48742491
2026-09-10T10:53:29.721186+00:00,vast.ai,marketplace,RTX 4060,0.10451851851851852,1,8.0,15.64928008252893,149.72734310002875,15.62,342.5,"New Zealand, NZ",0.9933887,47696169
2026-09-10T10:53:29.721186+00:00,vast.ai,marketplace,RTX 3060,0.105,1,12.0,9.905479380837036,94.33789886511464,15.58,268.4,"Spain, ES",0.9933633,46658889
2026-09-10T10:53:29.721186+00:00,vast.ai,marketplace,RTX A4000,0.1063148148148148,1,15.99,21.188393779682055,199.29860026177167,39.26,348.2238114349676,"Estonia, EE",0.9957801,46119330
2026-09-10T10:53:29.721186+00:00,vast.ai,marketplace,RTX 3060,0.10644444444444445,1,12.0,12.26689919347755,115.24226799717948,125.88,735.75,"Texas, US",0.986884,50441954
2026-09-10T10:53:29.721186+00:00,vast.ai,marketplace,RTX 3060,0.10662962962962963,1,12.0,12.26615158836682,115.03511388881701,31.45,724.5,"Texas, US",0.9979044,29182840
2026-09-10T10:53:29.721186+00:00,vast.ai,marketplace,Tesla P40,0.10672222222222222,1,24.0,5.87904,55.08730869338886,62.81,676.75,"Thailand, TH",0.9935741,47185200
2026-09-10T10:53:29.721186+00:00,vast.ai,marketplace,A16,0.1075925925925926,1,15.0,15.681932247113236,145.7528986822917,31.47,421.2267740907958,"Vietnam, VN",0.9956925,46601059
2026-09-10T10:53:29.721186+00:00,vast.ai,marketplace,RTX A4000,0.10805555555555556,1,15.99,21.634990864164966,200.22099514394313,39.28,263.58626449624734,"Delaware, US",0.9994484,45415104
2026-09-10T10:53:29.721186+00:00,vast.ai,marketplace,RTX A4000,0.10805555555555556,1,15.99,21.173944634926407,195.95424340805928,17.95,366.1060798694744,"Michigan, US",0.9795123,46301464
2026-09-10T10:53:29.721186+00:00,vast.ai,marketplace,RTX A4000,0.10805555555555556,1,15.99,21.188393779682055,196.08796299962827,23.57,94.75,"Delaware, US",0.9985488,48328449
2026-09-10T10:53:29.721186+00:00,vast.ai,marketplace,RTX 5060 Ti,0.10805555555555556,1,15.93,38.38963549353913,355.27683233095337,27.47,221.25,"Taiwan, TW",0.993631,41702079
2026-09-10T10:53:29.721186+00:00,vast.ai,marketplace,RTX 3060 laptop,0.10851851851851853,1,12.0,12.78187728671498,117.78521731785135,15.62,243.0,"New Zealand, NZ",0.9826321,46442913
2026-09-10T10:53:29.721186+00:00,vast.ai,marketplace,RTX 5060 Ti,0.10851851851851853,1,15.93,27.564055951414414,254.00324596866523,62.64,296.0,"Spain, ES",0.8458129,50480618
2026-09-10T10:53:29.721186+00:00,vast.ai,marketplace,RTX 5060 Ti,0.10938888888888888,1,15.93,38.50384941987168,351.9904974899392,29.96,461.0,"India, IN",0.9153808,50282300
2026-09-10T10:53:29.721186+00:00,vast.ai,marketplace,RTX 5070 Ti,0.11472222222222223,1,15.92,49.012227867444004,427.2252308058073,15.67,110.5,"South Korea, KR",0.9967265,38752056
2026-09-10T10:53:29.721186+00:00,vast.ai,marketplace,RTX A4000,0.11972355555555553,1,15.99,21.191598078871984,177.0044163868689,31.19,368.95,"Michigan, US",0.9908064,48368151
2026-09-10T10:53:29.721186+00:00,vast.ai,marketplace,RTX 5060 Ti,0.12115740740740742,1,15.93,38.40329213566825,316.97023696233634,31.36,177.58116812518801,"New Jersey, US",0.9966375,46239658
2026-09-10T10:53:29.721186+00:00,vast.ai,marketplace,RTX 3060 Ti,0.1213888888888889,1,8.0,13.93294757671982,114.77943083796649,94.31,125.75,"Massachusetts, US",0.9691305,47798927
2026-09-10T10:53:29.721186+00:00,vast.ai,marketplace,RTX 5070 Ti,0.1213888888888889,1,15.92,58.13976492426466,478.95458518845027,31.32,705.0,"South Korea, KR",0.9980478,47795964
2026-09-10T10:53:29.721186+00:00,vast.ai,marketplace,Tesla V100,0.12277777777777779,1,32.0,23.192176196426026,188.8955527310717,39.31,301.75,"Nevada, US",0.975983,49757632
2026-09-10T10:53:29.721186+00:00,vast.ai,marketplace,Tesla V100,0.12277777777777779,1,32.0,23.192176196426026,188.8955527310717,39.31,264.75,"United States, US",0.9714488,47619162
2026-09-10T10:53:29.721186+00:00,vast.ai,marketplace,RTX 5060 Ti,0.12416666666666668,1,15.93,10.075382263821332,81.1440182321181,62.84,148.0,"Saskatchewan, CA",0.9984403,42382319
2026-09-10T10:53:29.721186+00:00,vast.ai,marketplace,RTX 5070,0.12416666666666668,1,11.94,13.648212478625888,109.9184897607454,62.85,154.5,"Saskatchewan, CA",0.9970585,48609915
2026-09-10T10:53:29.721186+00:00,vast.ai,marketplace,RTX 3090,0.12601851851851853,1,24.0,44.60010435159636,353.9170661258197,47.19,619.132220497048,", US",0.9936404,41028909
2026-09-10T10:53:29.721186+00:00,vast.ai,marketplace,RTX 4060 Ti,0.12805555555555553,1,16.0,22.535055162917324,175.9787387993544,15.63,125.0,"Ireland, IE",0.9883624,50371101
2026-09-10T10:53:29.721186+00:00,vast.ai,marketplace,RTX 3060,0.1307222222222222,1,12.0,12.273611407557551,93.89077999831531,15.73,161.1643483981648,"Czechia, CZ",0.9983834,46528531
2026-09-10T10:53:29.721186+00:00,vast.ai,marketplace,RTX 4060 Ti,0.1320555555555556,1,16.0,22.486795796367005,170.28284574447034,62.94,313.3768120679837,"Quebec, CA",0.9976257,49744617
2026-09-10T10:53:29.721186+00:00,vast.ai,marketplace,RTX 3060,0.13472222222222222,1,12.0,12.33670458367849,91.57141546647952,110.06,153.0,"Massachusetts, US",0.9471825,50113631
2026-09-10T10:53:29.721186+00:00,vast.ai,marketplace,RTX 3060,0.13472222222222222,1,12.0,12.407072230538473,92.09373202049176,31.18,1576.0,"South Korea, KR",0.9924397,49906677
2026-09-10T10:53:29.721186+00:00,vast.ai,marketplace,Titan RTX,0.13472222222222222,1,24.0,12.057292800000003,89.49743109278353,15.59,375.0,"South Korea, KR",0.9985457,33751682
2026-09-10T10:53:29.721186+00:00,vast.ai,marketplace,Titan RTX,0.13472222222222222,1,24.0,12.057292800000003,89.49743109278353,31.32,370.5,"South Korea, KR",0.9985933,43056528
2026-09-10T10:53:29.721186+00:00,vast.ai,marketplace,RTX 3080,0.13472222222222222,1,10.0,23.761105198198,176.37109013095423,20.22,100.71428571428571,"Florida, US",0.9948528,50336883
2026-09-10T10:53:29.721186+00:00,vast.ai,marketplace,Tesla V100,0.13472222222222222,1,32.0,23.192176196426026,172.14811197347154,31.45,270.75,"British Columbia, CA",0.995797,45783726
2026-09-10T10:53:29.721186+00:00,vast.ai,marketplace,RTX 5060 Ti,0.13472222222222222,1,15.93,38.382805803843624,284.9033008120352,23.47,326.5,"Denmark, DK",0.9886299,49841370
2026-09-10T10:53:29.721186+00:00,vast.ai,marketplace,RTX 5060 Ti,0.13472222222222222,1,15.93,38.41694513073294,285.15670612502805,31.12,659.0,"Spain, ES",0.9892913,49924893
2026-09-10T10:53:29.721186+00:00,vast.ai,marketplace,RTX 5070,0.13472222222222222,1,11.94,49.92922632968191,370.608690282175,31.36,241.5,"Texas, US",0.9945172,49008839
2026-09-10T10:53:29.721186+00:00,vast.ai,marketplace,RTX 5060 Ti,0.13564814814814816,1,15.93,38.375975201203396,282.90821308736975,31.44,613.5,"Norway, NO",0.9980862,29204633
2026-09-10T10:53:29.721186+00:00,vast.ai,marketplace,RTX 3090,0.13935185185185184,1,24.0,44.35286711381634,318.27971084997773,35.98,150.57857142857142,", US",0.9851615,50443917
2026-09-10T10:53:29.721186+00:00,vast.ai,marketplace,RTX 3090,0.13935185185185184,1,24.0,43.731177223956905,313.8184146303885,35.98,162.6251066936096,"California, US",0.9723889,49828270
2026-09-10T10:53:29.721186+00:00,vast.ai,marketplace,RTX 3070,0.14805555555555555,1,8.0,16.278255054370714,109.94693845353578,15.53,775.9,"Japan, JP",0.9888766,50020378
2026-09-10T10:53:29.721186+00:00,vast.ai,marketplace,RTX 3080,0.14805555555555555,1,10.0,26.685235200436985,180.2379863444149,15.66,203.0,"Taiwan, TW",0.9984981,34092774
2026-09-10T10:53:29.721186+00:00,vast.ai,marketplace,RTX 5070 Ti,0.14805555555555555,1,15.92,65.65192380492044,443.42762795068217,15.59,363.5,"South Korea, KR",0.9988584,43056288
2026-09-10T10:53:29.721186+00:00,vast.ai,marketplace,RTX 3060,0.14816666666666667,1,12.0,12.548035631767766,84.68865443262834,62.86,284.5,"New York, US",0.9977554,48275197
2026-09-10T10:53:29.721186+00:00,vast.ai,marketplace,RTX 4060 Ti,0.15338888888888888,1,16.0,22.954096592627728,149.6464102380656,41.96,400.7166666666667,"Germany, DE",0.9983985,24992283
2026-09-10T10:53:29.721186+00:00,vast.ai,marketplace,RTX 5060 Ti,0.15639259259259258,1,15.93,38.86101908389923,248.4837577002982,47.09,784.0,"Japan, JP",0.9772758,48757602
2026-09-10T10:53:29.721186+00:00,vast.ai,marketplace,RTX 3070,0.1613888888888889,1,8.0,16.280507674579923,100.87750022114926,15.67,340.25,"Oklahoma, US",0.9927624,43271042
2026-09-10T10:53:29.721186+00:00,vast.ai,marketplace,RTX 5070,0.1613888888888889,1,11.94,50.19110836356703,310.9948194644429,23.26,212.0,"France, FR",0.9834463,50183577
2026-09-10T10:53:29.721186+00:00,vast.ai,marketplace,RTX 4070,0.16416666666666668,1,11.99,31.246705254219865,190.33526043179612,62.86,740.5,"New York, US",0.9971341,49056456
2026-09-10T10:53:29.721186+00:00,vast.ai,marketplace,RTX 5060 Ti,0.16462962962962963,1,15.93,38.382805803843624,233.14640195810526,31.3,327.0,"Texas, US",0.9812366,47987038
2026-09-10T10:53:29.721186+00:00,vast.ai,marketplace,RTX 5060 Ti,0.16462962962962963,1,15.93,38.67882291313719,234.9444811371663,31.32,671.5,"Texas, US",0.9904519,48664024
2026-09-10T10:53:29.721186+00:00,vast.ai,marketplace,RTX 5080,0.1660185185185185,1,15.92,83.38142963618174,502.2417401398566,31.46,321.942169505093,"United States, US",0.9963686,50318404
2026-09-10T10:53:29.721186+00:00,vast.ai,marketplace,RTX 4000Ada,0.17453703703703705,1,20.0,31.40638677832859,179.94110196602054,41.88,399.66666666666663,"Romania, RO",0.9620432,49678386
2026-09-10T10:53:29.721186+00:00,vast.ai,marketplace,RTX 3060,0.17472222222222222,1,12.0,12.337460403838445,70.61185604740605,62.68,622.0,"Japan, JP",0.9933071,49855702
2026-09-10T10:53:29.721186+00:00,vast.ai,marketplace,RTX 3080 Ti,0.17472222222222222,1,12.0,32.826338076632105,187.87729264845083,15.59,401.0,"Taiwan, TW",0.9981183,42962386
2026-09-10T10:53:29.721186+00:00,vast.ai,marketplace,RTX 5080,0.17534444444444444,1,15.92,83.65023891401022,477.06238528996386,62.4,470.0,"Japan, JP",0.9984728,41758462
2026-09-10T10:53:29.721186+00:00,vast.ai,marketplace,RTX 5060 Ti,0.1773888888888889,1,15.93,38.89454941096453,219.26147491304775,62.94,216.588056747602,"Germany, DE",0.997107,44053788
2026-09-10T10:53:29.721186+00:00,vast.ai,marketplace,RTX 5060 Ti,0.1773888888888889,1,15.93,38.94323749445901,219.5359457877426,62.94,272.4059644588168,"Germany, DE",0.8065912,44053751
2026-09-10T10:53:29.721186+00:00,vast.ai,marketplace,RTX 5060 Ti,0.1773888888888889,1,15.93,38.88759024296388,219.22224377492947,62.94,334.55,"Germany, DE",0.9907691,48190500
2026-09-10T10:53:29.721186+00:00,vast.ai,marketplace,Tesla V100,0.17796296296296296,1,32.0,25.71306491342886,144.4854844250945,62.87,1650.5,"Bulgaria, BG",0.9893115,35822233
2026-09-10T10:53:29.721186+00:00,vast.ai,marketplace,Tesla V100,0.17981481481481482,1,32.0,25.71306491342886,142.99747737643239,125.81,754.75,"Bulgaria, BG",0.990951,21161536
2026-09-10T10:53:29.721186+00:00,vast.ai,marketplace,Tesla V100,0.18092592592592593,1,32.0,25.71306491342886,142.11929430144917,41.87,973.6666666666666,"Virginia, US",0.9974649,25913997
2026-09-10T10:53:29.721186+00:00,vast.ai,marketplace,RTX 5060,0.1813888888888889,1,7.96,28.41803154004319,156.669086591356,125.86,188.0,"Denmark, DK",0.9984615,45303972
2026-09-10T10:53:29.721186+00:00,vast.ai,marketplace,RTX 3090,0.18614814814814817,1,24.0,38.575664691473065,207.23098819533877,30.84,173.0,"New Zealand, NZ",0.9795674,48399573
2026-09-10T10:53:29.721186+00:00,vast.ai,marketplace,RTX 4070,0.18805555555555556,1,11.99,33.619153921608124,178.77245807649814,15.35,347.5,"France, FR",0.9975606,39309239
2026-09-10T10:53:29.721186+00:00,vast.ai,marketplace,RTX 5060 Ti,0.18805555555555556,1,15.93,38.382805803843624,204.10354637198972,41.92,495.0,"Texas, US",0.9907353,50294993
2026-09-10T10:53:29.721186+00:00,vast.ai,marketplace,RTX 3080,0.19180555555555556,1,10.0,27.546431130570017,143.61644036213187,20.55,118.0,"France, FR",0.9750152,47316816
2026-09-10T10:53:29.721186+00:00,vast.ai,marketplace,RTX 3090,0.2009259259259259,1,24.0,44.82014845168533,223.06801994387172,46.97,456.0,"Poland, PL",0.9985032,46688409
2026-09-10T10:53:29.721186+00:00,vast.ai,marketplace,RTX A5000,0.2009259259259259,1,23.99,34.905607276560225,173.72375971744262,62.63,419.0,"California, US",0.9865332,49707053
2026-09-10T10:53:29.721186+00:00,vast.ai,marketplace,RTX 5060 Ti,0.2011111111111111,1,15.93,38.375975201203396,190.81976619382905,62.94,1163.5,"Texas, US",0.9962361,50417791
2026-09-10T10:53:29.721186+00:00,vast.ai,marketplace,RTX 3090,0.20138888888888887,1,24.0,41.974668271071515,208.4259390011827,167.95,449.0,"Oman, OM",0.9062191,50473734
2026-09-10T10:53:29.721186+00:00,vast.ai,marketplace,RTX 5070 Ti,0.20138888888888887,1,15.92,75.76491111337359,376.2119724250275,23.53,321.4750000000001,"Vietnam, VN",0.9959497,36104543
2026-09-10T10:53:29.721186+00:00,vast.ai,marketplace,RTX 3090,0.20185185185185184,1,24.0,44.64932196434448,221.19847578666074,125.77,218.55,"Poland, PL",0.9947312,31250707
2026-09-10T10:53:29.721186+00:00,vast.ai,marketplace,RTX 3090,0.2023148148148148,1,24.0,44.58564809506604,220.37757410833558,31.41,507.6151364867519,"Estonia, EE",0.9954134,45558036
2026-09-10T10:53:29.721186+00:00,vast.ai,marketplace,RTX 5080,0.2023148148148148,1,15.92,83.72260679085683,413.8234111401619,31.28,335.95000000000016,"New York, US",0.9653274,50027413
2026-09-10T10:53:29.721186+00:00,vast.ai,marketplace,RTX PRO 4000,0.2023148148148148,1,23.89,65.75230423708362,324.9999477164774,62.91,226.75,"Utah, US",0.9914314,47510354
2026-09-10T10:53:29.721186+00:00,vast.ai,marketplace,RTX 4070S Ti,0.20416666666666666,1,15.99,50.626278494348924,247.96544568660698,31.36,119.67354906787585,"Saskatchewan, CA",0.9901363,46408966
2026-09-10T10:53:29.721186+00:00,vast.ai,marketplace,Tesla V100,0.20938888888888887,1,32.0,25.71306491342886,122.80052227161568,94.14,1136.25,"Minnesota, US",0.997772,46400811
2026-09-10T10:53:29.721186+00:00,vast.ai,marketplace,RTX 5080,0.21425925925925926,1,15.92,83.91533450164069,391.65324659365575,110.1,22.5,"Latvia, LV",0.9965279,49614256
2026-09-10T10:53:29.721186+00:00,vast.ai,marketplace,RTX 5080,0.2151851851851852,1,15.92,83.75362109645495,389.2164835807717,31.4,795.0338437911818,"India, IN",0.9919733,50388231
2026-09-10T10:53:29.721186+00:00,vast.ai,marketplace,RTX 5070,0.21611111111111111,1,11.94,49.87089017862895,230.76504452836016,62.59,3052.4,"Texas, US",0.9977568,41863838
2026-09-10T10:53:29.721186+00:00,vast.ai,marketplace,RTX 5080,0.22694444444444445,1,15.92,83.65453608752155,368.61239891686364,62.43,1333.0,"France, FR",0.989299,50418102
2026-09-10T10:53:29.721186+00:00,vast.ai,marketplace,RTX A5000,0.22805555555555557,1,23.99,34.83546860659857,152.74992324452478,31.37,821.9,"Lithuania, LT",0.9689519,49578996
2026-09-10T10:53:29.721186+00:00,vast.ai,marketplace,RTX 3090 Ti,0.22805555555555557,1,23.99,46.18798775710818,202.52954436734402,62.82,140.5,"Oman, OM",0.9882088,50482956
2026-09-10T10:53:29.721186+00:00,vast.ai,marketplace,RTX 5080,0.22805555555555557,1,15.92,83.63990051276589,366.7523043190709,50.34,1269.2,"Sweden, SE",0.9756844,42400286
2026-09-10T10:53:29.721186+00:00,vast.ai,marketplace,RTX 5080,0.22805555555555557,1,15.92,83.76727196490705,367.3108149496533,62.84,664.5,"Australia, AU",0.996207,50199722
2026-09-10T10:53:29.721186+00:00,vast.ai,marketplace,RTX 3090,0.22851851851851854,1,24.0,44.36864499845682,194.15776579551607,41.93,114.66666666666666,"Czechia, CZ",0.9958042,31183843
2026-09-10T10:53:29.721186+00:00,vast.ai,marketplace,RTX 5080,0.2289814814814815,1,15.92,83.81564881104599,366.0368003070346,125.78,671.5,"Spain, ES",0.9963952,49250735
2026-09-10T10:53:29.721186+00:00,vast.ai,marketplace,RTX A5000,0.23205555555555557,1,23.99,35.34599457278277,152.31695051713905,100.7,19.6,"Romania, RO",0.9982816,13273577
2026-09-10T10:53:29.721186+00:00,vast.ai,marketplace,RTX A5000,0.23205555555555557,1,23.99,35.1255752355398,151.3670946228672,125.88,1484.5,"Romania, RO",0.9987669,19951406
2026-09-10T10:53:29.721186+00:00,vast.ai,marketplace,RTX 5080,0.24092592592592593,1,15.92,83.77374703794926,347.7157832474451,62.37,3684.6,"Washington, US",0.9844403,50116946
2026-09-10T10:53:29.721186+00:00,vast.ai,marketplace,Q RTX 6000,0.2413888888888889,1,24.0,12.057292800000003,49.94965947065593,31.19,1556.0,"Spain, ES",0.9961381,44027628
2026-09-10T10:53:29.721186+00:00,vast.ai,marketplace,RTX 5080,0.2413888888888889,1,15.92,83.82598664734599,347.26530716967267,62.7,3226.0,"Slovakia, SK",0.9923054,49624554
2026-09-10T10:53:29.721186+00:00,vast.ai,marketplace,A10,0.2416666666666667,1,22.49,29.123135170323813,120.50952484271922,62.83,691.75,"Illinois, US",0.9985001,47574080
2026-09-10T10:53:29.721186+00:00,vast.ai,marketplace,RTX 3090,0.2427777777777778,1,24.0,37.181044778101715,153.14846819355398,31.33,717.5,"Thailand, TH",0.9947347,50052615
2026-09-10T10:53:29.721186+00:00,vast.ai,marketplace,RTX 3090,0.2427777777777778,1,24.0,43.5968757825838,179.57523205640925,31.33,243.0,"Thailand, TH",0.9765963,50130170
2026-09-10T10:53:29.721186+00:00,vast.ai,marketplace,CMP 170HX,0.2441666666666667,1,64.0,59.35283507774053,243.08328359484173,62.87,638.0,"Ontario, CA",0.975877,50349405
2026-09-10T10:53:29.721186+00:00,vast.ai,marketplace,RTX 5080,0.24462962962962964,1,15.92,83.77374703794926,342.45135049578045,15.27,116.0,"Illinois, US",0.9931806,32458130
2026-09-10T10:53:29.721186+00:00,vast.ai,marketplace,Tesla V100,0.24938888888888888,1,32.0,25.71306491342886,103.10429236839373,94.14,951.0,"Minnesota, US",0.9995738,17928796
2026-09-10T10:53:29.721186+00:00,vast.ai,marketplace,RTX 3090,0.25170370370370376,1,24.0,44.3607604204072,176.24198518996383,100.72,5.4,"Iceland, IS",0.9733528,9107067
2026-09-10T10:53:29.721186+00:00,vast.ai,marketplace,RTX 3080,0.25170370370370376,1,12.0,30.08287740633946,119.51702324472708,100.72,5.4,"Iceland, IS",0.9733528,9107066
2026-09-10T10:53:29.721186+00:00,vast.ai,marketplace,RTX 4070S Ti,0.2520555555555556,1,15.99,51.02631744509022,202.44075689037334,31.44,674.8186780203721,"Minnesota, US",0.9995788,47095359
2026-09-10T10:53:29.721186+00:00,vast.ai,marketplace,RTX PRO 4000,0.25425925925925924,1,23.89,65.69237766585148,258.367690746976,31.01,683.0,"Spain, ES",0.969455,48741809
2026-09-10T10:53:29.721186+00:00,vast.ai,marketplace,RTX PRO 4000,0.25425925925925924,1,23.89,65.7283338112971,258.5091060313215,62.88,53.0,"South Korea, KR",0.9956915,45704061
2026-09-10T10:53:29.721186+00:00,vast.ai,marketplace,RTX PRO 4000,0.2587777777777778,1,23.89,65.68039214880842,253.81001689105875,125.88,1002.8351498976194,"Italy, IT",0.9991543,34432513
2026-09-10T10:53:29.721186+00:00,vast.ai,marketplace,RTX PRO 4000,0.2675925925925926,1,23.89,65.7642893486914,245.7627422027222,32.72,2038.4333333333334,"Australia, AU",0.9958922,49601340
2026-09-10T10:53:29.721186+00:00,vast.ai,marketplace,Tesla V100,0.26805555555555555,1,32.0,25.71306491342886,95.92438724180714,125.94,565.0882794866689,"Minnesota, US",0.9990314,42722527
2026-09-10T10:53:29.721186+00:00,vast.ai,marketplace,RTX PRO 4000,0.26805555555555555,1,23.89,65.65642091174499,244.93587075884142,30.2,188.0,"Puerto Rico, PR",0.9809146,44170201
2026-09-10T10:53:29.721186+00:00,vast.ai,marketplace,RTX 3090,0.2685185185185185,1,24.0,44.81341178042488,166.89132663054784,31.13,1315.35,"The Netherlands, NL",0.9829669,50356202
2026-09-10T10:53:29.721186+00:00,vast.ai,marketplace,RTX A5000,0.26944444444444443,1,22.49,32.01997657248416,118.8370264545804,47.19,23.75,"Delaware, US",0.9996252,45242052
2026-09-10T10:53:29.721186+00:00,vast.ai,marketplace,RTX PRO 4000,0.2711074074074074,1,23.89,62.12342954933087,229.14692794053656,41.92,654.6833333333334,"North Carolina, US",0.9927367,49462089
2026-09-10T10:53:29.721186+00:00,vast.ai,marketplace,RTX 4090,0.27338888888888885,1,23.99,98.41656318662893,359.9874288476572,62.96,614.625,"Hong Kong, HK",0.9987576,39184690
2026-09-10T10:53:29.721186+00:00,vast.ai,marketplace,RTX 5060 Ti,0.2937962962962963,1,15.93,38.3691436852251,130.59777869537695,125.94,10215.983177821661,"Denmark, DK",0.9720165,49967734
2026-09-10T10:53:29.721186+00:00,vast.ai,marketplace,RTX 4500Ada,0.295,1,23.99,40.432694700221276,137.0599820346484,23.34,106.5,"France, FR",0.9753091,49670448
2026-09-10T10:53:29.721186+00:00,vast.ai,marketplace,RTX 5080,0.295,1,15.92,44.780277202230565,151.79754983806973,15.33,378.9,"Wisconsin, US",0.9712297,50314095
2026-09-10T10:53:29.721186+00:00,vast.ai,marketplace,RTX 4500Ada,0.29518518518518516,1,23.99,40.664063253218934,137.7578052492988,503.53,3161.6,"Japan, JP",0.9984262,47724429
2026-09-10T10:53:29.721186+00:00,vast.ai,marketplace,RTX 3090,0.29587377777777774,1,24.0,44.36733150764498,149.95357764001648,30.27,705.0,"Indonesia, ID",0.9918428,50100551
2026-09-10T10:53:29.721186+00:00,vast.ai,marketplace,RTX 3090,0.3080555555555556,1,24.0,44.362075122503484,144.00673619568306,23.4,2384.0,"California, US",0.9853194,50465157
2026-09-10T10:53:29.721186+00:00,vast.ai,marketplace,RTX 3090,0.3213888888888889,1,24.0,44.362075122503484,138.03238586085786,46.97,2329.1,"California, US",0.9698125,50225234
2026-09-10T10:53:29.721186+00:00,vast.ai,marketplace,L4,0.3213888888888889,1,22.49,25.314373969525715,78.7655542699158,31.32,369.25,"South Korea, KR",0.9277388,50457503
2026-09-10T10:53:29.721186+00:00,vast.ai,marketplace,Tesla V100,0.3347222222222222,1,32.0,25.71306491342886,76.81911509406133,94.32,1248.375,"Minnesota, US",0.9995779,38405405
2026-09-10T10:53:29.721186+00:00,vast.ai,marketplace,RTX 3090,0.34027777777777773,1,24.0,44.84569136373229,131.79141951790717,125.76,704.0,"Michigan, US",0.9981074,50149181
2026-09-10T10:53:29.721186+00:00,vast.ai,marketplace,RTX 5080,0.34027777777777773,1,15.92,83.7808751090405,246.21318399391495,30.17,555.5,"Florida, US",0.986808,45305430
2026-09-10T10:53:29.721186+00:00,vast.ai,marketplace,RTX 4090,0.3526851851851852,1,23.99,98.46493730832667,279.1864854108501,31.46,158.375,", US",0.9980743,41130306
2026-09-10T10:53:29.721186+00:00,vast.ai,marketplace,RTX 4090,0.3613888888888889,1,23.99,91.4932912249007,253.17129009196194,71.98,128.57142857142856,"Malaysia, MY",0.9922623,43681496
2026-09-10T10:53:29.721186+00:00,vast.ai,marketplace,RTX 3090,0.3614814814814815,1,24.0,44.84569136373229,124.0608265185217,167.84,1072.6666666666665,"Slovakia, SK",0.9938505,50380596
2026-09-10T10:53:29.721186+00:00,vast.ai,marketplace,RTX 4090,0.3718703703703704,1,47.99,123.32958692912725,331.64671551082466,94.46,352.8947008012514,"Japan, JP",0.8238756,39099117
2026-09-10T10:53:29.721186+00:00,vast.ai,marketplace,RTX 4060 Ti,0.37472222222222223,1,16.0,22.52902695465334,60.121939982766506,125.61,3235.5,"Taiwan, TW",0.9987581,50151849
2026-09-10T10:53:29.721186+00:00,vast.ai,marketplace,A100 SXM4,0.37472222222222223,1,40.0,95.31545924881728,254.36297501537598,62.96,362.6160520414229,"California, US",0.9471981,50441083
2026-09-10T10:53:29.721186+00:00,vast.ai,marketplace,RTX 4090,0.37472222222222223,1,23.99,97.5964050788315,260.4500061406919,62.7,620.0,"Australia, AU",0.994186,45668790
2026-09-10T10:53:29.721186+00:00,vast.ai,marketplace,RTX 4090,0.3793518518518519,1,23.99,96.91506561246896,255.475398734358,31.46,164.3375,"United States, US",0.995838,46191975
2026-09-10T10:53:29.721186+00:00,vast.ai,marketplace,RTX 4090,0.3875925925925926,1,23.99,96.94302852212614,250.11579265144823,62.78,421.0,"Arizona, US",0.9608498,50467814
2026-09-10T10:53:29.721186+00:00,vast.ai,marketplace,RTX 4090,0.3912962962962963,1,23.99,97.0408513074653,247.99838952215458,62.89,741.75,"Michigan, US",0.996806,27252595
2026-09-10T10:53:29.721186+00:00,vast.ai,marketplace,RTX 5090,0.3912962962962963,1,31.84,198.82908360763275,508.12922455334444,61.96,589.0,"Michigan, US",0.9813347,31439672
2026-09-10T10:53:29.721186+00:00,vast.ai,marketplace,RTX 3090,0.40138888888888885,1,24.0,44.36733150764498,110.53452832354459,31.28,77.0,"British Columbia, CA",0.9949002,19448806
2026-09-10T10:53:29.721186+00:00,vast.ai,marketplace,RTX 4090,0.40138888888888885,1,23.99,2.9901863757721396,7.449599275280072,100.72,199.4,"Iceland, IS",0.9972038,25814731
2026-09-10T10:53:29.721186+00:00,vast.ai,marketplace,RTX 3090,0.4018518518518518,1,24.0,44.258773212227524,110.13703932996712,31.36,341.075,"Norway, NO",0.9993292,50462504
2026-09-10T10:53:29.721186+00:00,vast.ai,marketplace,RTX 4090,0.4018518518518518,1,23.99,97.0618037539243,241.53628583925865,35.93,188.96184847671714,"Norway, NO",0.8387043,50045324
2026-09-10T10:53:29.721186+00:00,vast.ai,marketplace,RTX 5090,0.40324074074074073,1,31.84,198.9476190961409,493.37182232797284,62.84,545.3820082373982,"United States, US",0.9782932,50121352
2026-09-10T10:53:29.721186+00:00,vast.ai,marketplace,RTX 5090,0.4055555555555555,1,31.84,192.22932545940918,473.990117571146,62.96,311.4875,"United States, US",0.9972164,49452565
2026-09-10T10:53:29.721186+00:00,vast.ai,marketplace,RTX 5090,0.41935185185185186,1,31.84,199.14578720452576,474.8894903530312,62.88,767.375,"Beijing, CN",0.9892315,50041181
2026-09-10T10:53:29.721186+00:00,vast.ai,marketplace,RTX 4090,0.4289814814814815,1,23.99,97.16363135076853,226.4984283592273,100.75,417.6,"Finland, FI",0.9917001,32539125
2026-09-10T10:53:29.721186+00:00,vast.ai,marketplace,RTX 3090,0.4382592592592593,1,24.0,44.84703325786723,102.32991616347631,500.0,2906.1,"The Netherlands, NL",0.9531958,50481653
2026-09-10T10:53:29.721186+00:00,vast.ai,marketplace,RTX 5090,0.44601851851851854,1,31.84,199.10644669720355,446.40847505289565,62.88,659.8149263283156,"United States, US",0.9914018,49957163
2026-09-10T10:53:29.721186+00:00,vast.ai,marketplace,RTX 3090,0.4551851851851852,1,24.0,44.36864499845682,97.47383360116633,251.52,6248.8,"Indiana, US",0.9061418,49474049
2026-09-10T10:53:29.721186+00:00,vast.ai,marketplace,RTX 4090,0.4564814814814815,1,23.99,97.0618037539243,212.63032059683212,41.92,196.72289267345732,"Estonia, EE",0.9978633,47176355
2026-09-10T10:53:29.721186+00:00,vast.ai,marketplace,RTX 5090,0.46672222222222226,1,31.84,196.1919552602958,420.36128968995644,62.71,1058.0,"Thailand, TH",0.9759764,47185114
2026-09-10T10:53:29.721186+00:00,vast.ai,marketplace,RTX 5090,0.46672222222222226,1,31.84,199.81951701010857,428.1337110084459,62.71,1053.0,"Thailand, TH",0.9882309,47185105
2026-09-10T10:53:29.721186+00:00,vast.ai,marketplace,RTX 5070 Ti,0.4680555555555555,1,15.92,75.92679569502333,162.21748635138516,251.91,1585.425,"Texas, US",0.9712429,49702287
2026-09-10T10:53:29.721186+00:00,vast.ai,marketplace,RTX A6000,0.4683796296296296,1,47.99,54.481627545133776,116.31937876592761,94.47,317.125,"Virginia, US",0.9963452,50482880
2026-09-10T10:53:29.721186+00:00,vast.ai,marketplace,RTX 3090,0.4729259259259259,1,24.0,44.3607604204072,93.80065246698993,50.3,107.60000000000001,"Czechia, CZ",0.9765827,33877195
2026-09-10T10:53:29.721186+00:00,vast.ai,marketplace,RTX 3090,0.4729259259259259,1,24.0,44.25984318319264,93.5872633680164,31.43,164.25,"Czechia, CZ",0.998148,20130142
2026-09-10T10:53:29.721186+00:00,vast.ai,marketplace,RTX 5090,0.480925925925926,1,31.84,74.66505648707688,155.25271660770701,62.48,1143.0,"Spain, ES",0.9973075,46982868
2026-09-10T10:53:29.721186+00:00,vast.ai,marketplace,RTX A6000,0.4813888888888889,1,47.99,55.26423044581931,114.80163277838979,47.23,151.5,"Romania, RO",0.9513434,31805852
2026-09-10T10:53:29.721186+00:00,vast.ai,marketplace,RTX 5090,0.48944444444444435,1,31.84,162.2396111184611,331.47707152466523,62.96,283.59782519495707,"California, US",0.9906623,50072699
2026-09-10T10:53:29.721186+00:00,vast.ai,marketplace,RTX A6000,0.49425925925925923,1,47.99,54.46279369873049,110.19074034212989,94.28,921.6,"Arizona, US",0.9577328,50463875
2026-09-10T10:53:29.721186+00:00,vast.ai,marketplace,RTX 5090,0.5253888888888888,1,31.84,139.91276422376905,266.3032416229082,43.2,225.0,"Romania, RO",0.9912168,48219167
2026-09-10T10:53:29.721186+00:00,vast.ai,marketplace,RTX 5090,0.5356481481481481,1,31.84,198.98757813413474,371.4893420654547,30.47,472.0,"South Korea, KR",0.9959762,45669132
2026-09-10T10:53:29.721186+00:00,vast.ai,marketplace,RTX 5090,0.5356481481481481,1,31.84,199.01399354299608,371.5386569169158,30.47,602.0,"South Korea, KR",0.9829262,45669445
2026-09-10T10:53:29.721186+00:00,vast.ai,marketplace,RTX 5090,0.5356481481481481,1,31.84,194.13920650450538,362.4379308986445,30.46,575.0,"South Korea, KR",0.9899383,47994587
2026-09-10T10:53:29.721186+00:00,vast.ai,marketplace,RTX 5090,0.537037037037037,1,31.84,192.5761905568522,358.590147933449,71.96,396.9571428571428,"Estonia, EE",0.9531918,50151726
2026-09-10T10:53:29.721186+00:00,vast.ai,marketplace,RTX 5090,0.537037037037037,1,31.84,198.6470633733863,369.89453179871936,71.96,844.8714285714286,"Estonia, EE",0.9703586,43624367
2026-09-10T10:53:29.721186+00:00,vast.ai,marketplace,RTX 5090,0.5480555555555555,1,31.84,167.37538595197162,305.39857548256356,47.09,599.25,"Zhejiang, CN",0.9945596,49250870
2026-09-10T10:53:29.721186+00:00,vast.ai,marketplace,RTX 4500Ada,0.5616666666666668,1,23.99,40.587974827940585,72.26345666695651,125.84,338.5,"France, FR",0.9729904,49445413
2026-09-10T10:53:29.721186+00:00,vast.ai,marketplace,A100 SXM4,0.5627777777777778,1,40.0,87.44410556146626,155.37945706874555,78.71,273.3889910598993,"California, US",0.7743058,49606186
2026-09-10T10:53:29.721186+00:00,vast.ai,marketplace,RTX 5880Ada,0.5747222222222222,1,47.99,106.87240461553556,185.95488478295215,125.65,3046.5,"Vietnam, VN",0.9896106,49097099
2026-09-10T10:53:29.721186+00:00,vast.ai,marketplace,RTX 5090,0.5756481481481481,1,31.84,199.79718810743626,347.0821347209766,125.76,490.29999999999995,"Ontario, CA",0.806316,50441712
2026-09-10T10:53:29.721186+00:00,vast.ai,marketplace,RTX 5090,0.5840555555555556,1,31.84,174.21723876203083,298.2888136323176,60.54,728.0,"Texas, US",0.9971459,31517510
2026-09-10T10:53:29.721186+00:00,vast.ai,marketplace,RTX 5090,0.5840555555555556,1,31.84,197.79012657193607,338.6495080657138,60.48,627.0,"Texas, US",0.9807749,28112691
2026-09-10T10:53:29.721186+00:00,vast.ai,marketplace,RTX 6000Ada,0.5894444444444444,1,47.99,113.18002715891856,192.01135616027653,117.9,517.0,"California, US",0.9901218,48226455
2026-09-10T10:53:29.721186+00:00,vast.ai,marketplace,RTX 5090,0.6009259259259259,1,31.84,198.1092958930422,329.6734045677744,125.96,531.5,"Utah, US",0.9612874,48248618
2026-09-10T10:53:29.721186+00:00,vast.ai,marketplace,RTX 5090,0.6027777777777777,1,31.84,199.27146678927824,330.5886084983418,62.94,741.6567160317468,"Taiwan, TW",0.9424045,50248460
2026-09-10T10:53:29.721186+00:00,vast.ai,marketplace,RTX 4090,0.6037037037037036,1,22.49,86.47841659032724,143.24645692876294,86.58,781.75,"Estonia, EE",0.9968368,49867009
2026-09-10T10:53:29.721186+00:00,vast.ai,marketplace,RTX 4090,0.6046296296296296,1,47.99,103.03379146650089,170.40810839788816,52.47,619.0833333333333,"California, US",0.9916433,48463825
2026-09-10T10:53:29.721186+00:00,vast.ai,marketplace,RTX 6000Ada,0.6046296296296296,1,47.99,117.02447528156155,193.54737106291955,83.92,784.3333333333333,"Estonia, EE",0.9956397,35415075
2026-09-10T10:53:29.721186+00:00,vast.ai,marketplace,GTX 1660 Ti,0.6069444444444444,1,6.0,2.4740447784639805,4.076229383281616,7.7,679.4000000000026,"Vietnam, VN",0.9939759,33521707
2026-09-10T10:53:29.721186+00:00,vast.ai,marketplace,RTX PRO 5000,0.6080555555555557,1,47.79,165.8187660827735,272.70331562265164,62.88,1473.0,"India, IN",0.9945767,50425417
2026-09-10T10:53:29.721186+00:00,vast.ai,marketplace,RTX 3070,0.6147222222222223,1,8.0,16.276000767242017,26.477000796236446,251.69,12759.3,"Taiwan, TW",0.9985602,50158395
2026-09-10T10:53:29.721186+00:00,vast.ai,marketplace,RTX 4060 Ti,0.6147222222222223,1,16.0,22.510935115624875,36.61968658664688,251.65,12759.3,"Taiwan, TW",0.995815,47930073
2026-09-10T10:53:29.721186+00:00,vast.ai,marketplace,RTX 6000Ada,0.6280555555555555,1,47.99,113.0562095561321,180.00988695359382,62.96,566.6858699095461,"Germany, DE",0.9959339,44922348
2026-09-10T10:53:29.721186+00:00,vast.ai,marketplace,RTX 5090,0.6333333333333333,1,31.84,192.91825596752676,304.60777258030544,62.96,254.81250000000009,"Thailand, TH",0.9736218,49015638
2026-09-10T10:53:29.721186+00:00,vast.ai,marketplace,RTX 5090,0.6525185185185185,1,31.84,199.3110828959487,305.4489294012155,45.98,1238.0,"Kansas, US",0.9680907,50425365
2026-09-10T10:53:29.721186+00:00,vast.ai,marketplace,A100 SXM4,0.6593518518518519,1,40.0,95.34785771795211,144.60846276560633,51.15,418.95,"United States, US",0.9351559,50213974
2026-09-10T10:53:29.721186+00:00,vast.ai,marketplace,RTX 4060 Ti,0.6675925925925925,1,16.0,22.544812533583748,33.77031558428634,94.44,810.175,"Portugal, PT",0.9868054,49994859
2026-09-10T10:53:29.721186+00:00,vast.ai,marketplace,RTX 4090,0.6678240740740741,1,23.99,97.5612494014192,146.08824867040934,62.86,1198.0,"New Jersey, US",0.9969022,45630893
2026-09-10T10:53:29.721186+00:00,vast.ai,marketplace,RTX 6000Ada,0.6680555555555555,1,47.99,113.13241719141861,169.3458219913127,62.77,270.85198718141737,"Japan, JP",0.9878595,40396208
2026-09-10T10:53:29.721186+00:00,vast.ai,marketplace,RTX 4060 Ti,0.6680555555555555,1,16.0,22.522997544622854,33.714258278853336,62.96,486.4666666666667,"Portugal, PT",0.99558,50475477
2026-09-10T10:53:29.721186+00:00,vast.ai,marketplace,RTX 5090,0.6680555555555555,1,31.84,197.6131407711391,295.80345396095663,35.93,633.4618483333053,"Belgium, BE",0.9979174,46391333
2026-09-10T10:53:29.721186+00:00,vast.ai,marketplace,RTX 5090,0.6680555555555555,1,31.84,198.28099225447454,296.80314848902634,141.69,500.48049065513476,"Iceland, IS",0.9989636,30193809
2026-09-10T10:53:29.721186+00:00,vast.ai,marketplace,RTX PRO 5000,0.6680555555555555,1,47.79,165.50881685627,247.74708552289897,83.93,864.8045694906939,"Belgium, BE",0.9968049,49974688
2026-09-10T10:53:29.721186+00:00,vast.ai,marketplace,RTX PRO 5000,0.6680555555555555,1,47.79,165.48813814829904,247.71613194755784,62.73,582.0,"Slovakia, SK",0.9722377,49726305
2026-09-10T10:53:29.721186+00:00,vast.ai,marketplace,RTX PRO 5000,0.6680555555555555,1,47.79,165.64318141761083,247.94821334860666,62.86,578.5,"Slovakia, SK",0.9843161,49063563
2026-09-10T10:53:29.721186+00:00,vast.ai,marketplace,RTX 5090,0.6683333333333333,1,31.84,194.11055498643964,290.4397331467925,62.5,509.0,"Portugal, PT",0.9818743,49807325
2026-09-10T10:53:29.721186+00:00,vast.ai,marketplace,RTX 3090,0.6685185185185185,1,24.0,44.849716306748,67.08821829818261,251.15,3097.0,"Norway, NO",0.9915847,50189049
2026-09-10T10:53:29.721186+00:00,vast.ai,marketplace,RTX 4090,0.6685185185185185,1,23.99,97.75924018236378,146.2326584445331,110.13,403.5,"Hungary, HU",0.8176,50466169
2026-09-10T10:53:29.721186+00:00,vast.ai,marketplace,RTX 4090,0.6685185185185185,1,23.99,98.03586378378563,146.64644444111977,26.93,358.57142857142856,"Norway, NO",0.9933257,50189789
2026-09-10T10:53:29.721186+00:00,vast.ai,marketplace,RTX 4090,0.6685185185185185,1,23.99,98.33359498377999,147.09180413086204,31.4,803.175,"Norway, NO",0.9948582,50462551
2026-09-10T10:53:29.721186+00:00,vast.ai,marketplace,RTX 4090,0.6685185185185185,1,23.99,98.31976189098664,147.07111196989692,62.88,299.1,"Norway, NO",0.9960543,50464020
2026-09-10T10:53:29.721186+00:00,vast.ai,marketplace,RTX 4090,0.6685185185185185,1,23.99,96.0663158422786,143.7003062460677,31.44,144.4,"Norway, NO",0.9974772,50462475
2026-09-10T10:53:29.721186+00:00,vast.ai,marketplace,RTX 4090,0.6685185185185185,1,23.99,96.7261580627302,144.68732785006733,62.93,182.27142857142857,"Norway, NO",0.996871,50464013
2026-09-10T10:53:29.721186+00:00,vast.ai,marketplace,GTX 1660,0.673611111111111,1,6.0,2.316471688407048,3.4388858054702576,7.71,669.4000000000026,"Vietnam, VN",0.9945461,33521216
2026-09-10T10:53:29.721186+00:00,vast.ai,marketplace,RTX 6000Ada,0.6827777777777778,1,47.99,113.15146300519584,165.7222403656245,117.9,661.6,"California, US",0.9984409,49874420
2026-09-10T10:53:29.721186+00:00,vast.ai,marketplace,RTX PRO 5000,0.6880555555555555,1,47.79,165.20878631953727,240.10966118301744,60.47,1504.8,"Australia, AU",0.903527,50451087
2026-09-10T10:53:29.721186+00:00,vast.ai,marketplace,RTX 5090,0.6987777777777778,1,31.84,198.57154580997442,284.16980637458573,250.48,1144.4896264983197,"Italy, IT",0.8563138,50476700
2026-09-10T10:53:29.721186+00:00,vast.ai,marketplace,RTX 5090,0.7039074074074074,1,31.84,199.22531326412368,283.0277266123669,62.95,376.2575984352235,"North Carolina, US",0.991649,36439824
2026-09-10T10:53:29.721186+00:00,vast.ai,marketplace,RTX 5090,0.7067222222222223,1,31.84,185.8032677793493,262.9084836120028,31.46,178.3051999506814,"Thailand, TH",0.9952923,45330013
2026-09-10T10:53:29.721186+00:00,vast.ai,marketplace,RTX 5090,0.7232407407407409,1,31.84,94.12010746215033,130.13662278725175,71.89,388.1142857142857,"Minnesota, US",0.9964633,48425196
2026-09-10T10:53:29.721186+00:00,vast.ai,marketplace,RTX 6000Ada,0.7342592592592593,1,47.99,117.04303874900685,159.40287748918965,251.94,130.375,"Taiwan, TW",0.9985543,26051042
2026-09-10T10:53:29.721186+00:00,vast.ai,marketplace,RTX 5090,0.7347222222222223,1,31.84,198.3535786570542,269.97084429693575,62.95,263.0625,"Alberta, CA",0.9912163,50429002
2026-09-10T10:53:29.721186+00:00,vast.ai,marketplace,RTX PRO 5000,0.7347222222222223,1,47.79,165.79811627930894,225.66095221380422,68.33,987.0,"California, US",0.992581,49725394
2026-09-10T10:53:29.721186+00:00,vast.ai,marketplace,RTX 5880Ada,0.7356481481481482,1,47.99,106.76595356208534,145.131818561425,125.96,703.3500000000001,"United Kingdom, GB",0.9976925,44120927
2026-09-10T10:53:29.721186+00:00,vast.ai,marketplace,RTX 5090,0.7356481481481482,1,31.84,198.6573771884072,270.04401178537415,62.71,1365.0,"Maryland, US",0.99766,44613489
2026-09-10T10:53:29.721186+00:00,vast.ai,marketplace,RTX 4090,0.7470000000000001,1,23.99,92.78889210275138,124.21538434103262,167.97,507.5552278211418,"Washington, US",0.9974649,41755369
2026-09-10T10:53:29.721186+00:00,vast.ai,marketplace,RTX 5090,0.7480555555555556,1,31.84,199.29789765182454,266.42125196679103,30.85,365.25,"Georgia, US",0.6761869,50464873
2026-09-10T10:53:29.721186+00:00,vast.ai,marketplace,RTX 5090,0.7742592592592592,1,31.84,199.3771092507264,257.5069098191635,61.7,3127.5,"Minnesota, US",0.9720627,49262387
2026-09-10T10:53:29.721186+00:00,vast.ai,marketplace,RTX 5090,0.7754629629629629,1,31.84,199.19889864386437,256.8773857138788,125.88,179.430371277987,"Hungary, HU",0.9939609,44204690
2026-09-10T10:53:29.721186+00:00,vast.ai,marketplace,A100 SXM4,0.7761650362962965,1,40.0,95.42771566468167,122.94771240926227,87.53,433.5,"Germany, DE",0.9959001,50483048
2026-09-10T10:53:29.721186+00:00,vast.ai,marketplace,RTX 5090,0.7875925925925925,1,31.84,96.44320204479577,122.45316036724599,62.79,50.0,"Maryland, US",0.9968576,47346088
2026-09-10T10:53:29.721186+00:00,vast.ai,marketplace,RTX 5090,0.8009259259259258,1,31.84,99.14188676954561,123.78408983943268,62.79,18.0,"Maryland, US",0.9958604,47351539
2026-09-10T10:53:29.721186+00:00,vast.ai,marketplace,L40S,0.8013888888888888,1,44.99,93.61582777626562,116.8169774677838,251.94,224.5926512018752,"Taiwan, TW",0.9977342,25990403
2026-09-10T10:53:29.721186+00:00,vast.ai,marketplace,RTX 4090,0.8013888888888888,1,23.99,98.5823438804233,123.0143632476686,62.63,1163.0,"Switzerland, CH",0.9981318,50471250
2026-09-10T10:53:29.721186+00:00,vast.ai,marketplace,RTX 5090,0.8013888888888888,1,31.84,197.14507682793086,246.00425531388257,59.02,522.5,"Alberta, CA",0.9967888,45028230
2026-09-10T10:53:29.721186+00:00,vast.ai,marketplace,RTX 5090,0.8014022222222222,1,31.84,199.56003386154754,249.0135768630439,62.7,1445.0,"Florida, US",0.9990818,47070073
2026-09-10T10:53:29.721186+00:00,vast.ai,marketplace,RTX 5090,0.8018518518518518,1,31.84,190.24629066007296,237.25865347907484,125.6,1454.85,"Norway, NO",0.9991532,50462565
2026-09-10T10:53:29.721186+00:00,vast.ai,marketplace,RTX 5090,0.8023148148148147,1,31.84,198.5055119603093,247.41598720961807,83.95,536.1333333333333,"Finland, FI",0.9780548,47357377
2026-09-10T10:53:29.721186+00:00,vast.ai,marketplace,RTX 5090,0.8037037037037036,1,31.84,199.28467218265936,247.95788704754855,108.05,1552.0,"California, US",0.9971922,50157852
2026-09-10T10:53:29.721186+00:00,vast.ai,marketplace,RTX 5090,0.8135,1,31.84,164.60699856013247,202.34418999401655,141.69,453.25,"Czechia, CZ",0.8803381,31183535
2026-09-10T10:53:29.721186+00:00,vast.ai,marketplace,L40S,0.8680555555555556,1,44.99,93.60606838859273,107.83419078365883,62.62,682.5,"South Korea, KR",0.9643811,49960119
2026-09-10T10:53:29.721186+00:00,vast.ai,marketplace,RTX 5090,0.8680555555555556,1,31.84,199.3634599033813,229.66670580869527,91.86,3269.5,"Washington, US",0.9940347,47725584
2026-09-10T10:53:29.721186+00:00,vast.ai,marketplace,RTX 5090,0.8680555555555556,1,31.84,199.52236507841292,229.84976457033167,94.44,360.9980104209529,"Quebec, CA",0.9723869,49760572
2026-09-10T10:53:29.721186+00:00,vast.ai,marketplace,RTX 5090,0.8685185185185186,1,31.84,198.31344344834986,228.3353080215542,125.95,706.2625,"Hungary, HU",0.9912408,50157563
2026-09-10T10:53:29.721186+00:00,vast.ai,marketplace,RTX 5090,0.8689814814814815,1,31.84,202.53869095946362,233.07595763049625,125.96,1448.375,"Hungary, HU",0.9944765,49441326
2026-09-10T10:53:29.721186+00:00,vast.ai,marketplace,RTX PRO 5000,0.9072407407407408,1,47.79,165.5294936333453,182.45377020678586,55.01,890.25,"Czechia, CZ",0.9982667,39270910
2026-09-10T10:53:29.721186+00:00,vast.ai,marketplace,A100 SXM4,0.9075925925925926,1,40.0,35.71071097238234,39.34663114688117,125.75,214.77448439916623,"United Kingdom, GB",0.9709554,38565864
2026-09-10T10:53:29.721186+00:00,vast.ai,marketplace,A100 SXM4,0.9102592592592593,1,40.0,95.41063419609503,104.81698837508914,62.97,629.2041174171276,"Czechia, CZ",0.9288335,50365140
2026-09-10T10:53:29.721186+00:00,vast.ai,marketplace,A100 SXM4,0.9102592592592593,1,40.0,95.40873521494157,104.81490217697124,62.97,499.875,"Czechia, CZ",0.9974545,30895674
2026-09-10T10:53:29.721186+00:00,vast.ai,marketplace,RTX 4090,0.9333888888888887,1,47.99,125.65111552940162,134.61818222303611,107.97,388.97928262617154,"Washington, US",0.9941518,48484821
2026-09-10T10:53:29.721186+00:00,vast.ai,marketplace,RTX 5090,0.9347222222222221,1,31.84,139.819848277065,149.58438448660746,123.48,434.0,"Spain, ES",0.977939,50481688
2026-09-10T10:53:29.721186+00:00,vast.ai,marketplace,RTX 5090,0.9347222222222221,1,31.84,100.29647868786638,107.30083901227906,61.91,1415.0,"France, FR",0.9971726,50402597
2026-09-10T10:53:29.721186+00:00,vast.ai,marketplace,RTX 5090,0.9347222222222221,1,31.84,156.63665090670366,167.57561464015848,125.96,1464.2197094196003,"Ohio, US",0.9878873,50414928
2026-09-10T10:53:29.721186+00:00,vast.ai,marketplace,A100 SXM4,0.9351851851851851,1,40.0,95.37071183109656,101.98056314612306,251.96,2088.3918959099788,"Virginia, US",0.9980734,42274226
2026-09-10T10:53:29.721186+00:00,vast.ai,marketplace,RTX 5090,0.935648148148148,1,31.84,199.31776365980434,213.02640747411056,188.39,3258.0,"Quebec, CA",0.9980601,45843162
2026-09-10T10:53:29.721186+00:00,vast.ai,marketplace,A100 SXM4,0.9492592592592591,1,80.0,114.565760302362,120.68964214450934,98.33,404.0,"Czechia, CZ",0.9956354,46878743
2026-09-10T10:53:29.721186+00:00,vast.ai,marketplace,RTX A2000,0.9507222222222221,1,5.99,8.572312711984065,9.016632315532823,125.41,6388.8,"British Columbia, CA",0.9934117,46907522
2026-09-10T10:53:29.721186+00:00,vast.ai,marketplace,RTX A4000,0.957111111111111,1,15.99,21.18518707573644,22.13451168813884,125.5,6436.8,"British Columbia, CA",0.9890487,48544090
2026-09-10T10:53:29.721186+00:00,vast.ai,marketplace,RTX 5090,0.960925925925926,1,31.84,198.81587556988555,206.9003137555178,62.95,713.75,"Czechia, CZ",0.9223018,46900084
2026-09-10T10:53:29.721186+00:00,vast.ai,marketplace,RTX 5090,0.9609814814814815,1,31.84,115.8069604821758,120.50904488153493,250.48,1424.75,"Hungary, HU",0.9863124,48688104
2026-09-10T10:53:29.721186+00:00,vast.ai,marketplace,RTX 5090,0.961851851851852,1,31.84,192.1007016425897,199.71963590103664,62.94,465.5,"Hungary, HU",0.9934679,47094819
2026-09-10T10:53:29.721186+00:00,vast.ai,marketplace,RTX 5090,0.9685740740740741,1,31.84,170.24082912514007,175.7643877551491,94.43,569.25,"Czechia, CZ",0.9983692,33038318
2026-09-10T10:53:29.721186+00:00,vast.ai,marketplace,RTX 5090,1.0013888888888889,1,31.84,94.34267939821218,94.21182963483048,61.68,744.0,"France, FR",0.9964722,50417239
2026-09-10T10:53:29.721186+00:00,vast.ai,marketplace,A100 PCIE,1.0013888888888889,1,80.0,127.54060021369146,127.36370617733405,125.87,50.91524192378182,"United Kingdom, GB",0.9938149,45716573
2026-09-10T10:53:29.721186+00:00,vast.ai,marketplace,RTX 5090,1.0023148148148149,1,31.84,198.9017058181739,198.4423485299102,61.92,3275.0,"Spain, ES",0.9991612,28154504
2026-09-10T10:53:29.721186+00:00,vast.ai,marketplace,RTX 5090,1.0027777777777778,1,31.84,198.81550391208515,198.26476844418463,125.96,158.75,"Spain, ES",0.9983925,36425641
2026-09-10T10:53:29.721186+00:00,vast.ai,marketplace,RTX 5090,1.0032407407407407,1,31.84,198.7564373103381,198.11439990324428,94.4,716.5,"Spain, ES",0.9982833,31191994
2026-09-10T10:53:29.721186+00:00,vast.ai,marketplace,RTX 5090,1.0032407407407407,1,31.84,199.06017716172198,198.4171585922102,125.96,286.9625,"Spain, ES",0.9992144,27039369
2026-09-10T10:53:29.721186+00:00,vast.ai,marketplace,RTX 5090,1.0032407407407407,1,31.84,198.66399216381865,198.02225337971774,62.96,323.625,"Spain, ES",0.9983107,26371148
2026-09-10T10:53:29.721186+00:00,vast.ai,marketplace,A100 PCIE,1.0196481481481483,1,40.0,95.36880847120622,93.53109564746617,125.96,1434.0300448798102,"Japan, JP",0.9944238,46773564
2026-09-10T10:53:29.721186+00:00,vast.ai,marketplace,A100 SXM4,1.0275925925925926,1,80.0,128.8698777524591,125.40950439057112,251.94,169.375,"Taiwan, TW",0.9986892,36994174
2026-09-10T10:53:29.721186+00:00,vast.ai,marketplace,RTX PRO 5000,1.032925925925926,1,47.79,165.48813814829904,160.21297751816394,55.07,668.711984717815,"Czechia, CZ",0.9981519,44193901
2026-09-10T10:53:29.721186+00:00,vast.ai,marketplace,RTX PRO 5000,1.033388888888889,1,47.79,165.3226389047546,159.981049421299,62.96,273.2926360125758,"Czechia, CZ",0.9390861,48330148
2026-09-10T10:53:29.721186+00:00,vast.ai,marketplace,RTX 5090,1.0547222222222223,1,31.84,82.68547424697333,78.3954983642623,62.95,203.9375,"Czechia, CZ",0.9982251,44096419
2026-09-10T10:53:29.721186+00:00,vast.ai,marketplace,A100 SXM4,1.0550925925925927,1,80.0,119.75257165027016,113.49958524115117,125.97,958.5,"Sweden, SE",0.9785761,21050984
2026-09-10T10:53:29.721186+00:00,vast.ai,marketplace,RTX 5090,1.056925925925926,1,31.84,198.7366268243198,188.03269174253197,62.94,571.9434608848505,"Czechia, CZ",0.9948116,28733606
2026-09-10T10:53:29.721186+00:00,vast.ai,marketplace,RTX 5090,1.056925925925926,1,31.84,198.16865138505457,187.49530740429873,31.44,1250.574182019508,"Czechia, CZ",0.9732222,47627487
2026-09-10T10:53:29.721186+00:00,vast.ai,marketplace,RTX 5090,1.1209514074074074,1,31.84,199.62677755021477,178.08691458974263,61.73,1300.5,"New York, US",0.9900215,49687340
2026-09-10T10:53:29.721186+00:00,vast.ai,marketplace,RTX 5090,1.1487037037037038,1,31.84,199.3439497211389,173.53817967018378,70.83,395.25,"Hungary, HU",0.979048,40694895
2026-09-10T10:53:29.721186+00:00,vast.ai,marketplace,RTX PRO 6000 WS,1.2013888888888888,1,95.59,283.3850533540039,235.88120047963332,125.27,13251.8,"Utah, US",0.9404966,42871298
2026-09-10T10:53:29.721186+00:00,vast.ai,marketplace,RTX PRO 6000 WS,1.2013888888888888,1,95.59,256.1537027631313,213.2146427623752,125.52,1016.0,"California, US",0.9857039,50236345
2026-09-10T10:53:29.721186+00:00,vast.ai,marketplace,RTX PRO 5000,1.2152407407407406,1,47.79,165.7568109026851,136.39833273006408,62.88,1050.5,"Czechia, CZ",0.9982971,40114414
2026-09-10T10:53:29.721186+00:00,vast.ai,marketplace,RTX 5090,1.2567037037037037,1,31.84,198.57812666146643,158.0150723485778,94.42,1344.375,"Hungary, HU",0.9858427,32292339
2026-09-10T10:53:29.721186+00:00,vast.ai,marketplace,RTX 5090,1.2569814814814815,1,31.84,199.1724839251176,158.45299780420984,94.42,938.75,"Hungary, HU",0.9763146,49155142
2026-09-10T10:53:29.721186+00:00,vast.ai,marketplace,RTX PRO 6000 WS,1.333388888888889,1,95.59,283.59931642472293,212.69062520915847,125.71,1765.0,"Thailand, TH",0.9810813,49836870
2026-09-10T10:53:29.721186+00:00,vast.ai,marketplace,RTX 3090,1.3347222222222221,1,24.0,44.36470379958797,33.23890399136664,62.72,474.0,"Washington, US",0.9703711,50230220
2026-09-10T10:53:29.721186+00:00,vast.ai,marketplace,RTX A2000,1.3347222222222221,1,5.99,8.575741297328419,6.4251131468017295,31.16,768.0,"British Columbia, CA",0.9709057,46186923
2026-09-10T10:53:29.721186+00:00,vast.ai,marketplace,RTX 5090,1.336111111111111,1,31.84,199.35069878224763,149.2021861987716,62.25,1950.1999999999998,"British Columbia, CA",0.9674067,48515309
2026-09-10T10:53:29.721186+00:00,vast.ai,marketplace,RTX PRO 6000 S,1.414188888888889,1,95.59,279.31358468211596,197.5079756860268,94.01,1244.35,"New York, US",0.9970729,45361550
2026-09-10T10:53:29.721186+00:00,vast.ai,marketplace,RTX PRO 6000 S,1.4332555555555557,1,95.59,233.66686535541191,163.03224114476808,94.45,1276.026023183907,"New York, US",0.9933631,47972964
2026-09-10T10:53:29.721186+00:00,vast.ai,marketplace,RTX PRO 6000 S,1.4346592592592593,1,95.59,233.92620030612855,163.05349078282805,94.42,502.0445342026698,"New York, US",0.9936068,48845074
2026-09-10T10:53:29.721186+00:00,vast.ai,marketplace,RTX PRO 6000 Max-Q,1.4680555555555557,1,95.59,283.48244628500436,193.10062566244383,125.85,428.75,"Texas, US",0.9981123,31194548
2026-09-10T10:53:29.721186+00:00,vast.ai,marketplace,RTX PRO 6000 WS,1.4685185185185186,1,95.59,283.63827280420844,193.14586042152908,125.16,3337.0,"Michigan, US",0.983711,50465221
2026-09-10T10:53:29.721186+00:00,vast.ai,marketplace,RTX PRO 6000 WS,1.5223148148148147,1,95.59,283.34609588925207,186.12844934030306,83.8,2093.8999999999996,"Texas, US",0.9908321,49477672
2026-09-10T10:53:29.721186+00:00,vast.ai,marketplace,RTX PRO 6000 S,1.534722222222222,1,95.59,279.02327345538464,181.80701980803346,94.47,6.0,"Australia, AU",0.9975474,50133442
2026-09-10T10:53:29.721186+00:00,vast.ai,marketplace,RTX PRO 6000 S,1.534722222222222,1,95.59,279.9715947280021,182.42493050150367,124.77,653.0,"Ohio, US",0.9976902,46296973
2026-09-10T10:53:29.721186+00:00,vast.ai,marketplace,RTX PRO 6000 WS,1.5351785185185185,1,95.59,201.16425152278745,131.03639029349853,186.5,774.8000000000012,"Bulgaria, BG",0.9916665,50189947
2026-09-10T10:53:29.721186+00:00,vast.ai,marketplace,RTX PRO 6000 Max-Q,1.5353814814814815,1,95.59,283.59931642472293,184.7093506371325,125.78,276.0,"Australia, AU",0.9960992,40230781
2026-09-10T10:53:29.721186+00:00,vast.ai,marketplace,RTX PRO 6000 Max-Q,1.5353814814814815,1,95.59,283.2681804583436,184.49368047934226,125.96,829.875,"Australia, AU",0.990804,47997987
2026-09-10T10:53:29.721186+00:00,vast.ai,marketplace,RTX PRO 6000 Max-Q,1.5353814814814815,1,95.59,267.1052592777815,173.9667063198216,125.89,458.75,"Australia, AU",0.9956881,45070628
2026-09-10T10:53:29.721186+00:00,vast.ai,marketplace,RTX PRO 6000 S,1.5816666666666668,1,95.59,279.37164599475756,176.63117765738096,94.42,440.85150606319036,"Bulgaria, BG",0.9881262,48905155
2026-09-10T10:53:29.721186+00:00,vast.ai,marketplace,RTX PRO 6000 WS,1.6009259259259259,1,95.59,283.34609588925207,176.98888580705162,125.49,2451.368081332719,"Minnesota, US",0.9678648,50275333
2026-09-10T10:53:29.721186+00:00,vast.ai,marketplace,RTX PRO 6000 WS,1.6013888888888888,1,95.59,237.97859592385342,148.60762277985643,91.96,668.5,"Nevada, US",0.995614,49795582
2026-09-10T10:53:29.721186+00:00,vast.ai,marketplace,RTX 5090,1.6615222222222223,1,31.84,198.9677359745391,119.75027075378345,91.7,3164.0,"Massachusetts, US",0.9972668,46289581
2026-09-10T10:53:29.721186+00:00,vast.ai,marketplace,RTX PRO 6000 WS,1.6680555555555556,1,95.59,237.92961572727407,142.638903683295,251.17,2027.0,"Nevada, US",0.9625213,50326117
2026-09-10T10:53:29.721186+00:00,vast.ai,marketplace,RTX 5090,1.6689814814814816,1,31.84,198.59795917718924,118.99350674694278,125.76,700.0,"Norway, NO",0.9984174,29801200
2026-09-10T10:53:29.721186+00:00,vast.ai,marketplace,RTX PRO 6000 WS,1.7342592592592594,1,95.59,283.48244628500436,163.4602466565962,188.49,6506.639988397567,"Minnesota, US",0.9853584,50275349
2026-09-10T10:53:29.721186+00:00,vast.ai,marketplace,RTX PRO 6000 WS,1.8675925925925925,1,95.59,283.7356630232319,151.92588798467548,251.5,2588.5,"Minnesota, US",0.9856405,50275370
2026-09-10T10:53:29.721186+00:00,vast.ai,marketplace,RTX PRO 6000 Max-Q,1.940277777777778,1,95.59,283.4670474620888,146.09611608640222,754.51,983.0,"Texas, US",0.9960564,47655702
2026-09-10T10:53:29.721186+00:00,vast.ai,marketplace,RTX PRO 6000 WS,1.9512555555555555,1,95.59,283.75514094198843,145.42182346853,125.55,2803.0,"Massachusetts, US",0.9976159,36072512
2026-09-10T10:53:29.721186+00:00,vast.ai,marketplace,RTX PRO 6000 Max-Q,2.001851851851852,1,95.59,283.5408815426393,141.63929327754414,251.14,3057.7,"Norway, NO",0.9956787,50468516
2026-09-10T10:53:29.721186+00:00,vast.ai,marketplace,RTX PRO 6000 S,2.068055555555556,1,95.59,229.5673730259134,111.00638588224152,125.8,1165.8,"Spain, ES",0.8677987,50349094
2026-09-10T10:53:29.721186+00:00,vast.ai,marketplace,RTX PRO 6000 WS,2.2680555555555557,1,95.59,283.2876593787593,124.90331583141867,251.5,1177.3,"New Jersey, US",0.9528666,49077058
2026-09-10T10:53:29.721186+00:00,vast.ai,marketplace,H100 NVL,2.3609259259259257,1,93.58,369.56093458797534,156.53220227273252,335.85,485.66666666666663,"South Korea, KR",0.998714,43751089
2026-09-10T10:53:29.721186+00:00,vast.ai,marketplace,RTX PRO 6000 WS,2.401388888888889,1,95.59,283.75514094198843,118.16292740210044,188.19,278.59999999998763,"Texas, US",0.9985967,50300195
2026-09-10T10:53:29.721186+00:00,vast.ai,marketplace,H100 PCIE,2.401388888888889,1,79.65,255.73709706367777,106.49549443947252,188.94,315.375,"United Arab Emirates, AE",0.9571971,50164247
2026-09-10T10:53:29.721186+00:00,vast.ai,marketplace,RTX PRO 6000 WS,2.406622222222222,1,95.59,237.7500186372384,98.78992076193217,124.7,527.5,"Norway, NO",0.9973091,50049492
2026-09-10T10:53:29.721186+00:00,vast.ai,marketplace,H100 SXM,2.4161111111111113,1,79.65,347.56723841401055,143.85399612444675,251.96,292.714824043682,"Japan, JP",0.9987397,48635741
2026-09-10T10:53:29.721186+00:00,vast.ai,marketplace,RTX A2000,2.6673703703703704,1,5.99,8.574028031505451,3.214412264133731,250.92,26825.4,"British Columbia, CA",0.9503173,50355253
2026-09-10T10:53:29.721186+00:00,vast.ai,marketplace,H100 NVL,2.721388888888889,1,93.58,347.7908893666639,127.79904069817191,314.69,459.9,"United Kingdom, GB",0.9713454,50482108
2026-09-10T10:53:29.721186+00:00,vast.ai,marketplace,H100 NVL,2.7880555555555535,1,93.58,347.81075698729353,124.75029641867665,314.69,309.7,"Ireland, IE",0.9729182,50481947
2026-09-10T10:53:29.721186+00:00,vast.ai,marketplace,H100 PCIE,2.8013888888888894,1,79.65,255.09315903661448,91.05953123766108,188.94,301.125,"United Arab Emirates, AE",0.9864465,48203966
2026-09-10T10:53:29.721186+00:00,vast.ai,marketplace,H100 NVL,2.9213888888888837,1,93.58,347.84147611449345,119.06715926710837,314.69,301.5,"Iowa, US",0.9773778,50482554
2026-09-10T10:53:29.721186+00:00,vast.ai,marketplace,RTX 5090,3.1347222222222224,1,31.84,199.34417783718007,63.59229421478496,30.47,1624.5,"Texas, US",0.9378658,50217063
2026-09-10T10:53:29.721186+00:00,vast.ai,marketplace,H100 PCIE,3.3347222222222226,1,79.65,254.3194138103265,76.26404745665766,188.94,298.375,"United Arab Emirates, AE",0.9934653,48204010
2026-09-10T10:53:29.721186+00:00,vast.ai,marketplace,H100 SXM,3.3379444444444446,1,79.65,262.620711916981,78.67737653755069,125.94,1488.1452767281062,"Czechia, CZ",0.9752048,49793520
2026-09-10T10:53:29.721186+00:00,vast.ai,marketplace,H100 SXM,3.6700555555555554,1,79.65,324.1561857680007,88.32459914055211,110.19,1121.0,"Czechia, CZ",0.9837157,41555531
2026-09-10T10:53:29.721186+00:00,vast.ai,marketplace,H200 NVL,3.721388888888889,1,140.4,375.7647818491601,100.97433863230398,214.36,144.5612244897959,"Mississippi, US",0.9767998,50176555
2026-09-10T10:53:29.721186+00:00,vast.ai,marketplace,H200 NVL,3.974814814814815,1,140.4,452.72307169246284,113.8979028670937,188.81,542.4606650396852,"Washington, US",0.997151,46122991
2026-09-10T10:53:29.721186+00:00,vast.ai,marketplace,H200,3.9755116959064325,1,140.4,492.97374418131056,124.00258932426826,377.93,2919.2089065881783,"Saudi Arabia, SA",0.9985511,39353722
2026-09-10T10:53:29.721186+00:00,vast.ai,marketplace,H200 NVL,4.088055555555556,1,140.4,452.7576496494726,110.75134461765994,188.86,414.5,"Texas, US",0.9975734,28418866
2026-09-10T10:53:29.721186+00:00,vast.ai,marketplace,B200,5.313802083333333,1,179.06,677.9529347525613,127.58339962998458,249.5,2349.1869374837556,"Oregon, US",0.9942473,50255947
2026-09-10T10:53:29.721186+00:00,vast.ai,marketplace,B200,5.313802083333333,1,179.06,680.4253997595733,128.04869076583003,249.5,2136.5,"Oregon, US",0.9984417,33945596
2026-09-10T10:53:29.721186+00:00,vast.ai,marketplace,B200,5.631510416666667,1,179.06,509.8529617310624,90.53573979409386,354.07,1648.0,"Virginia, US",0.9738452,49853949
2026-09-10T10:53:29.721186+00:00,vast.ai,marketplace,H100 SXM,6.004611111111111,1,79.65,260.0788120471891,43.31318169230502,125.94,1380.0992221117285,"Czechia, CZ",0.9899881,48704113
2026-09-10T10:53:29.721186+00:00,vast.ai,marketplace,RTX PRO 6000 Max-Q,6.668981481481482,1,95.59,266.3831546348458,39.943603888321206,335.9,1676.1,"Australia, AU",0.9655048,49402018
2026-09-10T10:53:29.721186+00:00,vast.ai,marketplace,H100 SXM,7.50138888888889,1,79.65,325.2960175894837,43.36477183196227,221.46,2362.975,", US",0.9977466,36346709
2026-09-10T10:53:29.721186+00:00,vast.ai,marketplace,B200,7.506510416666668,1,179.06,689.013860895527,91.78883697619509,249.5,2390.179904299074,", US",0.9851329,50002681
2026-09-10T10:53:29.721186+00:00,vast.ai,marketplace,B200,7.506510416666668,1,179.06,684.9203092127755,91.24350346494562,249.5,27.083373386976064,"Ohio, US",0.9838054,49801752
2026-09-10T10:53:29.721186+00:00,vast.ai,marketplace,B200,7.751302083333333,1,179.06,555.9035892784169,71.71744608866524,377.94,260.5,", US",0.9765439,46064168
2026-09-10T10:53:29.721186+00:00,vast.ai,marketplace,RTX 5090,53.33435185185186,1,31.84,199.07338294739972,3.732554648838159,60.44,3279.0,"Ukraine, UA",0.997849,46363452
